{"Version":"0.0.0","Data":{"PlayerInventory":"{\"Version\":\"0.0.0\",\"QuickSelect\":{\"Version\":\"0.0.0\",\"Slots\":[{\"ItemId\":379,\"Age\":1371.66382},{\"ItemId\":356,\"Age\":11761.1641},{\"ItemId\":393,\"Age\":14295.8},{},{\"ItemId\":381,\"Age\":1405.26367},{\"ItemId\":476,\"Age\":16080.5967},{\"ItemId\":418,\"Age\":5888.71},{\"ItemId\":446,\"Age\":1672.57507},{\"ItemId\":589}]},\"EquippedItems\":[{\"ItemId\":356,\"Modules\":[{\"ChannelWeights\":{\"x\":0.319999963,\"y\":0.319999963,\"z\":0.319999963,\"w\":0.319999963},\"Version\":\"0.0.0\"}]}],\"ItemInstanceManagerData\":{\"Version\":\"0.0.0\",\"ItemBlocks\":[{\"ItemId\":402,\"TotalCount\":1,\"UniqueItems\":[{\"Modules\":[{\"Version\":\"0.0.0\"}]}]},{\"ItemId\":380,\"TotalCount\":1,\"UniqueItems\":[{\"Modules\":[{\"Version\":\"0.0.0\"}]}]},{\"ItemId\":351,\"TotalCount\":1,\"UniqueItems\":[]},{\"ItemId\":552,\"TotalCount\":1,\"UniqueItems\":[]},{\"ItemId\":486,\"TotalCount\":1,\"UniqueItems\":[]},{\"ItemId\":379,\"TotalCount\":1,\"UniqueItems\":[{\"Modules\":[{\"ChannelWeights\":{\"x\":2.87907036E-35,\"y\":2.87907036E-35,\"z\":2.87907036E-35,\"w\":2.87907036E-35},\"Version\":\"0.0.0\"}]}]},{\"ItemId\":412,\"TotalCount\":1,\"UniqueItems\":[]},{\"ItemId\":413,\"TotalCount\":1,\"UniqueItems\":[]},{\"ItemId\":589,\"TotalCount\":1,\"UniqueItems\":[]},{\"ItemId\":381,\"TotalCount\":3,\"UniqueItems\":[]},{\"ItemId\":420,\"TotalCount\":5,\"UniqueItems\":[]},{\"ItemId\":363,\"TotalCount\":8,\"UniqueItems\":[]},{\"ItemId\":369,\"TotalCount\":4,\"UniqueItems\":[]},{\"ItemId\":419,\"TotalCount\":7,\"UniqueItems\":[]},{\"ItemId\":437,\"TotalCount\":6,\"UniqueItems\":[]},{\"ItemId\":364,\"TotalCount\":12,\"UniqueItems\":[]},{\"ItemId\":446,\"TotalCount\":11,\"UniqueItems\":[]},{\"ItemId\":445,\"TotalCount\":15,\"UniqueItems\":[]},{\"ItemId\":393,\"TotalCount\":1,\"UniqueItems\":[]},{\"ItemId\":476,\"TotalCount\":27,\"UniqueItems\":[]},{\"ItemId\":599,\"TotalCount\":6,\"UniqueItems\":[]},{\"ItemId\":414,\"TotalCount\":3,\"UniqueItems\":[]},{\"ItemId\":403,\"TotalCount\":8,\"UniqueItems\":[]},{\"ItemId\":529,\"TotalCount\":1,\"UniqueItems\":[{\"Modules\":[{\"IconIndex\":7,\"Version\":\"0.0.0\",\"ModuleId\":2}]}]},{\"ItemId\":471,\"TotalCount\":1,\"UniqueItems\":[{\"Modules\":[{\"RecipeId\":-1,\"CurrentVolume\":83,\"Version\":\"0.0.0\",\"ModuleId\":7}]}]},{\"ItemId\":604,\"TotalCount\":3,\"UniqueItems\":[]},{\"ItemId\":484,\"TotalCount\":746,\"UniqueItems\":[]},{\"ItemId\":606,\"TotalCount\":1,\"UniqueItems\":[]},{\"ItemId\":400,\"TotalCount\":11,\"UniqueItems\":[]},{\"ItemId\":472,\"TotalCount\":2,\"UniqueItems\":[]},{\"ItemId\":651,\"TotalCount\":1,\"UniqueItems\":[]},{\"ItemId\":508,\"TotalCount\":3,\"UniqueItems\":[]},{\"ItemId\":418,\"TotalCount\":6,\"UniqueItems\":[]},{\"ItemId\":397,\"TotalCount\":1,\"UniqueItems\":[]},{\"ItemId\":479,\"TotalCount\":4,\"UniqueItems\":[]},{\"ItemId\":440,\"TotalCount\":2,\"UniqueItems\":[]},{\"ItemId\":438,\"TotalCount\":2,\"UniqueItems\":[]},{\"ItemId\":635,\"TotalCount\":3,\"UniqueItems\":[]},{\"ItemId\":527,\"TotalCount\":3,\"UniqueItems\":[]},{\"ItemId\":390,\"TotalCount\":100,\"UniqueItems\":[]},{\"ItemId\":416,\"TotalCount\":3,\"UniqueItems\":[]},{\"ItemId\":504,\"TotalCount\":5,\"UniqueItems\":[]},{\"ItemId\":405,\"TotalCount\":2,\"UniqueItems\":[]},{\"ItemId\":502,\"TotalCount\":30,\"UniqueItems\":[]},{\"ItemId\":523,\"TotalCount\":2,\"UniqueItems\":[]},{\"ItemId\":434,\"TotalCount\":1,\"UniqueItems\":[]},{\"ItemId\":399,\"TotalCount\":1,\"UniqueItems\":[]},{\"ItemId\":421,\"TotalCount\":2,\"UniqueItems\":[]},{\"ItemId\":341,\"TotalCount\":1,\"UniqueItems\":[]},{\"ItemId\":558,\"TotalCount\":1,\"UniqueItems\":[]},{\"ItemId\":495,\"TotalCount\":1,\"UniqueItems\":[]},{\"ItemId\":410,\"TotalCount\":2,\"UniqueItems\":[]},{\"ItemId\":496,\"TotalCount\":17,\"UniqueItems\":[]},{\"ItemId\":362,\"TotalCount\":3,\"UniqueItems\":[]},{\"ItemId\":376,\"TotalCount\":1,\"UniqueItems\":[]},{\"ItemId\":451,\"TotalCount\":1,\"UniqueItems\":[]},{\"ItemId\":401,\"TotalCount\":1,\"UniqueItems\":[]},{\"ItemId\":506,\"TotalCount\":1,\"UniqueItems\":[]},{\"ItemId\":603,\"TotalCount\":1,\"UniqueItems\":[]}]}}"}}