{"Version":"0.0.0","Data":{"ScrewStructureInstances":"{\"_structures\":[{\"Id\":29,\"Pos\":{\"x\":-605.579834,\"y\":94.22619,\"z\":578.231445},\"Rot\":{\"x\":0.0183694642,\"y\":0.6288772,\"z\":-0.00745003251,\"w\":-0.777251959},\"Storages\":[{\"Version\":\"0.0.0\",\"ItemBlocks\":[{\"ItemId\":392,\"TotalCount\":34,\"UniqueItems\":[]}]}]},{\"Id\":31,\"Pos\":{\"x\":-605.4669,\"y\":94.26564,\"z\":579.3068},\"Rot\":{\"x\":-0.008053193,\"y\":0.7070088,\"z\":-0.0173189789,\"w\":0.7069468},\"Storages\":[{\"Version\":\"0.0.0\",\"ItemBlocks\":[{\"ItemId\":393,\"TotalCount\":7,\"UniqueItems\":[]}]}]},{\"Id\":27,\"Pos\":{\"x\":-607.6189,\"y\":94.27637,\"z\":579.0373},\"Rot\":{\"x\":0.0178327486,\"y\":0.6288777,\"z\":-0.008562401,\"w\":-0.777252555},\"Storages\":[{\"Version\":\"0.0.0\",\"ItemBlocks\":[{\"ItemId\":436,\"TotalCount\":6,\"UniqueItems\":[{\"Modules\":[{\"CurrentState\":1,\"TimeRemainingInState\":83304.74,\"PauseDecay\":true,\"Version\":\"0.0.0\",\"ModuleId\":3}]},{\"Modules\":[{\"CurrentState\":1,\"TimeRemainingInState\":86233.65,\"PauseDecay\":true,\"Version\":\"0.0.0\",\"ModuleId\":3}]},{\"Modules\":[{\"CurrentState\":1,\"TimeRemainingInState\":86400.0,\"PauseDecay\":true,\"Version\":\"0.0.0\",\"ModuleId\":3}]},{\"Modules\":[{\"CurrentState\":1,\"TimeRemainingInState\":85501.58,\"PauseDecay\":true,\"Version\":\"0.0.0\",\"ModuleId\":3}]},{\"Modules\":[{\"CurrentState\":1,\"TimeRemainingInState\":84934.25,\"PauseDecay\":true,\"Version\":\"0.0.0\",\"ModuleId\":3}]},{\"Modules\":[{\"CurrentState\":1,\"TimeRemainingInState\":85337.625,\"PauseDecay\":true,\"Version\":\"0.0.0\",\"ModuleId\":3}]}]}]}]},{\"Id\":56,\"Pos\":{\"x\":-607.421753,\"y\":93.9131851,\"z\":576.81604},\"Rot\":{\"x\":-0.0177289229,\"y\":0.6288221,\"z\":0.0159352012,\"w\":-0.7771838},\"Storages\":[]},{\"Id\":58,\"Pos\":{\"x\":-611.034851,\"y\":94.000946,\"z\":574.148},\"Rot\":{\"x\":0.07925512,\"y\":0.9605376,\"z\":-0.0733666942,\"w\":0.2563271},\"Storages\":[{\"Version\":\"0.0.0\",\"ItemBlocks\":[]},{\"Version\":\"0.0.0\",\"ItemBlocks\":[]},{\"Version\":\"0.0.0\",\"ItemBlocks\":[]},{\"Version\":\"0.0.0\",\"ItemBlocks\":[]},{\"Version\":\"0.0.0\",\"ItemBlocks\":[]},{\"Version\":\"0.0.0\",\"ItemBlocks\":[]},{\"Version\":\"0.0.0\",\"ItemBlocks\":[]},{\"Version\":\"0.0.0\",\"ItemBlocks\":[{\"ItemId\":392,\"TotalCount\":1,\"UniqueItems\":[]}]},{\"Version\":\"0.0.0\",\"ItemBlocks\":[]},{\"Version\":\"0.0.0\",\"ItemBlocks\":[]},{\"Version\":\"0.0.0\",\"ItemBlocks\":[]}]},{\"Id\":31,\"Pos\":{\"x\":-604.8102,\"y\":94.1653442,\"z\":577.212646},\"Rot\":{\"x\":0.03175886,\"y\":0.836601,\"z\":-0.0312134977,\"w\":-0.5459999},\"Storages\":[{\"Version\":\"0.0.0\",\"ItemBlocks\":[{\"ItemId\":393,\"TotalCount\":17,\"UniqueItems\":[]}]}]},{\"Id\":31,\"Pos\":{\"x\":-604.2793,\"y\":93.9919052,\"z\":576.0101},\"Rot\":{\"x\":0.0135320844,\"y\":-0.560468435,\"z\":0.05520392,\"w\":-0.826223135},\"Storages\":[{\"Version\":\"0.0.0\",\"ItemBlocks\":[{\"ItemId\":393,\"TotalCount\":16,\"UniqueItems\":[]}]}]},{\"Id\":62,\"Pos\":{\"x\":-606.058,\"y\":93.95578,\"z\":575.354248},\"Rot\":{\"x\":0.0321186855,\"y\":0.8369806,\"z\":-0.00675084628,\"w\":-0.5462476},\"Storages\":[{\"Version\":\"0.0.0\",\"ItemBlocks\":[{\"ItemId\":640,\"TotalCount\":2,\"UniqueItems\":[]}]}]},{\"Id\":58,\"Pos\":{\"x\":-609.329834,\"y\":94.0217743,\"z\":575.8997},\"Rot\":{\"x\":-0.0176017452,\"y\":0.9423193,\"z\":-0.0553687625,\"w\":0.329634428},\"Storages\":[{\"Version\":\"0.0.0\",\"ItemBlocks\":[{\"ItemId\":78,\"TotalCount\":10,\"UniqueItems\":[]}]},{\"Version\":\"0.0.0\",\"ItemBlocks\":[]},{\"Version\":\"0.0.0\",\"ItemBlocks\":[]},{\"Version\":\"0.0.0\",\"ItemBlocks\":[]},{\"Version\":\"0.0.0\",\"ItemBlocks\":[]},{\"Version\":\"0.0.0\",\"ItemBlocks\":[]},{\"Version\":\"0.0.0\",\"ItemBlocks\":[]},{\"Version\":\"0.0.0\",\"ItemBlocks\":[]},{\"Version\":\"0.0.0\",\"ItemBlocks\":[]},{\"Version\":\"0.0.0\",\"ItemBlocks\":[]},{\"Version\":\"0.0.0\",\"ItemBlocks\":[]}]},{\"Id\":62,\"Pos\":{\"x\":-592.2576,\"y\":94.18281,\"z\":571.797852},\"Rot\":{\"y\":0.7999297,\"w\":-0.6000937},\"Storages\":[{\"Version\":\"0.0.0\",\"ItemBlocks\":[]}]}]}"}}