{"Version":"0.0.0","Data":{"StructureDestruction":"{\"Version\":\"0.0.0\",\"Data\":[{\"TypeID\":6,\"InstanceID\":1,\"Info\":{\"Health\":300.0,\"MaxHealth\":360.0,\"ElementCount\":6,\"MaxElements\":6,\"BreakCount\":4.5,\"CanBreakTopElement\":true}},{\"TypeID\":8,\"InstanceID\":5,\"Info\":{\"Health\":934.0,\"MaxHealth\":1005.0,\"ElementCount\":5,\"MaxElements\":5,\"BreakCount\":3.75,\"CanBreakTopElement\":true}},{\"TypeID\":8,\"InstanceID\":1,\"Info\":{\"Health\":688.0,\"MaxHealth\":780.0,\"ElementCount\":5,\"MaxElements\":5,\"BreakCount\":3.75,\"CanBreakTopElement\":true}},{\"TypeID\":8,\"InstanceID\":2,\"Info\":{\"Health\":273.0,\"MaxHealth\":780.0,\"ElementCount\":5,\"MaxElements\":5,\"BreakCount\":3.75,\"CanBreakTopElement\":true}},{\"TypeID\":2,\"InstanceID\":13,\"Info\":{\"Health\":103.0,\"MaxHealth\":138.0,\"ElementCount\":1,\"MaxElements\":1,\"BreakCount\":0.75,\"CanBreakTopElement\":true}},{\"TypeID\":3,\"InstanceID\":30,\"Info\":{\"Health\":161.999985,\"MaxHealth\":176.999985,\"ElementCount\":1,\"MaxElements\":1,\"BreakCount\":0.75,\"CanBreakTopElement\":true}},{\"TypeID\":4,\"InstanceID\":45,\"Info\":{\"Health\":190.0,\"MaxHealth\":300.0,\"ElementCount\":5,\"MaxElements\":5,\"BreakCount\":3.75,\"CanBreakTopElement\":true}},{\"TypeID\":1,\"InstanceID\":58,\"Info\":{\"Health\":166.5,\"MaxHealth\":196.5,\"ElementCount\":1,\"MaxElements\":1,\"BreakCount\":0.75,\"CanBreakTopElement\":true}},{\"TypeID\":4,\"InstanceID\":8,\"Info\":{\"Health\":200.0,\"MaxHealth\":300.0,\"ElementCount\":5,\"MaxElements\":5,\"BreakCount\":3.75,\"CanBreakTopElement\":true}},{\"TypeID\":1,\"InstanceID\":8,\"Info\":{\"Health\":282.037476,\"MaxHealth\":312.037476,\"ElementCount\":1,\"MaxElements\":1,\"BreakCount\":0.75,\"CanBreakTopElement\":true}},{\"TypeID\":2,\"InstanceID\":7,\"Info\":{\"Health\":126.999985,\"MaxHealth\":176.999985,\"ElementCount\":1,\"MaxElements\":1,\"BreakCount\":0.75,\"CanBreakTopElement\":true}},{\"TypeID\":3,\"InstanceID\":106,\"Info\":{\"Health\":85.0,\"MaxHealth\":105.0,\"ElementCount\":1,\"MaxElements\":1,\"BreakCount\":0.75,\"CanBreakTopElement\":true}},{\"TypeID\":3,\"InstanceID\":5,\"Info\":{\"Health\":165.749985,\"MaxHealth\":210.749985,\"ElementCount\":1,\"MaxElements\":1,\"BreakCount\":0.75,\"CanBreakTopElement\":true}},{\"TypeID\":4,\"InstanceID\":4,\"Info\":{\"Health\":255.0,\"MaxHealth\":300.0,\"ElementCount\":5,\"MaxElements\":5,\"BreakCount\":3.75,\"CanBreakTopElement\":true}}]}"}}