{"Version":"0.0.0","Data":{"WorldItemManager":"{\"Version\":\"0.0.0\",\"WorldItemStates\":[{\"ObjectNameId\":\"World.GolfCart.01\",\"Position\":{\"x\":735.561462,\"y\":92.11,\"z\":1492.85645},\"Rotation\":{\"y\":59.3326035}},{\"ObjectNameId\":\"World.GolfCart.02\",\"Position\":{\"x\":1030.9928,\"y\":83.629,\"z\":1523.309},\"Rotation\":{\"y\":310.235138}},{\"ObjectNameId\":\"World.GolfCart.03\",\"Position\":{\"x\":1582.8606,\"y\":98.373,\"z\":1340.59045},\"Rotation\":{\"y\":146.876465}},{\"ObjectNameId\":\"World.GolfCart.04\",\"Position\":{\"x\":1014.11,\"y\":140.11,\"z\":1223.06},\"Rotation\":{\"y\":146.876465}},{\"ObjectNameId\":\"World.GolfCart.05\",\"Position\":{\"x\":1903.9,\"y\":15.253,\"z\":461.64},\"Rotation\":{\"y\":146.876465}},{\"ObjectNameId\":\"World.GolfCart.06\",\"Position\":{\"x\":1839.567,\"y\":15.09,\"z\":355.608978},\"Rotation\":{\"y\":97.15335}},{\"ObjectNameId\":\"World.GolfCart.07\",\"Position\":{\"x\":1691.495,\"y\":28.776,\"z\":1027.62219},\"Rotation\":{\"y\":97.15335}},{\"ObjectNameId\":\"World.GolfCart.08\",\"Position\":{\"x\":1828.626,\"y\":49.343,\"z\":-484.002},\"Rotation\":{\"y\":97.15335}},{\"ObjectNameId\":\"World.GolfCart.09\",\"Position\":{\"x\":1815.72327,\"y\":49.343,\"z\":-509.155945},\"Rotation\":{\"y\":304.951}},{\"ObjectNameId\":\"World.GolfCart.10\",\"Position\":{\"x\":-1134.227,\"y\":279.003,\"z\":-1106.351},\"Rotation\":{\"y\":16.8130627}},{\"ObjectNameId\":\"World.GolfCart.11\",\"Position\":{\"x\":-928.487061,\"y\":251.064,\"z\":-995.3917},\"Rotation\":{\"y\":185.738235}},{\"ObjectNameId\":\"World.GolfCart.12\",\"Position\":{\"x\":-891.3007,\"y\":251.091,\"z\":-918.248535},\"Rotation\":{\"y\":229.305862}},{\"ObjectNameId\":\"World.GolfCart.13\",\"Position\":{\"x\":1044.47864,\"y\":16.305,\"z\":1825.028},\"Rotation\":{\"x\":7.10553932}},{\"ObjectNameId\":\"World.HangGlider.01\",\"ItemId\":626,\"Position\":{\"x\":-504.4314,\"y\":322.9,\"z\":-307.391937},\"Rotation\":{\"x\":347.33783,\"y\":304.745667,\"z\":6.05460072}},{\"ObjectNameId\":\"World.HangGlider.02\",\"ItemId\":626,\"Position\":{\"x\":-129.59,\"y\":409.49,\"z\":-1028.08},\"Rotation\":{\"x\":345.409454,\"y\":329.2675,\"z\":0.93207866}},{\"ObjectNameId\":\"World.HangGlider.03\",\"ItemId\":626,\"Position\":{\"x\":366.28,\"y\":528.44,\"z\":-160.22},\"Rotation\":{\"x\":345.409454,\"y\":329.2675,\"z\":0.93207866}},{\"ObjectNameId\":\"World.HangGlider.04\",\"ItemId\":626,\"Position\":{\"x\":-1184.1,\"y\":221.516174,\"z\":-1728.82288},\"Rotation\":{\"x\":339.567169,\"y\":202.175552,\"z\":358.482422}},{\"ObjectNameId\":\"World.HangGlider.05\",\"ItemId\":626,\"Position\":{\"x\":733.1571,\"y\":369.35,\"z\":740.7741},\"Rotation\":{\"x\":346.592865,\"y\":55.28923,\"z\":3.63867712}},{\"ObjectNameId\":\"World.HangGlider.06\",\"ItemId\":626,\"Position\":{\"x\":1083.82,\"y\":276.317383,\"z\":-108.445892},\"Rotation\":{\"x\":344.984741,\"y\":55.88374,\"z\":1.21760261}},{\"ObjectNameId\":\"World.HangGlider.07\",\"ItemId\":626,\"Position\":{\"x\":797.909,\"y\":227.65,\"z\":974.662},\"Rotation\":{\"x\":344.984772,\"y\":85.53987,\"z\":1.21760166}},{\"ObjectNameId\":\"World.HangGlider.08\",\"ItemId\":626,\"Position\":{\"x\":-30.42196,\"y\":250.851,\"z\":665.780762},\"Rotation\":{\"x\":344.984772,\"y\":29.0722332,\"z\":1.2176019}},{\"ObjectNameId\":\"World.HangGlider.09\",\"ItemId\":626,\"Position\":{\"x\":1297.53906,\"y\":193.973,\"z\":-30.139},\"Rotation\":{\"x\":344.984741,\"y\":92.78199,\"z\":1.217601}},{\"ObjectNameId\":\"World.HangGlider.10\",\"ItemId\":626,\"Position\":{\"x\":789.7307,\"y\":400.973053,\"z\":273.9027},\"Rotation\":{\"x\":347.482727,\"y\":134.715927,\"z\":6.64512062}},{\"ObjectNameId\":\"World.HangGlider.11\",\"ItemId\":626,\"Position\":{\"x\":-1772.03,\"y\":83.56678,\"z\":1171.02441},\"Rotation\":{\"x\":347.06366,\"y\":258.640076,\"z\":4.550671}},{\"ObjectNameId\":\"World.HangGlider.12\",\"ItemId\":626,\"Position\":{\"x\":-1297.054,\"y\":79.975,\"z\":1740.63477},\"Rotation\":{\"x\":345.6263,\"y\":51.9747849,\"z\":2.88373137}},{\"ObjectNameId\":\"World.HangGlider.13\",\"ItemId\":626,\"Position\":{\"x\":-799.537,\"y\":189.46,\"z\":-281.768},\"Rotation\":{\"x\":345.6263,\"y\":325.6798,\"z\":2.883733}},{\"ObjectNameId\":\"World.HangGlider.14\",\"ItemId\":626,\"Position\":{\"x\":846.108,\"y\":208.549,\"z\":1105.33716},\"Rotation\":{\"x\":345.6263,\"y\":41.03186,\"z\":2.88373685}},{\"ObjectNameId\":\"World.KnightV.01\",\"ItemId\":630,\"Position\":{\"x\":-1271.26,\"y\":103.854,\"z\":-14.9114027},\"Rotation\":{\"z\":326.879028}},{\"ObjectNameId\":\"World.KnightV.02\",\"ItemId\":630,\"Position\":{\"x\":-1121.4198,\"y\":37.108,\"z\":1628.24243},\"Rotation\":{\"x\":352.2902,\"y\":49.62521,\"z\":311.589752}},{\"ObjectNameId\":\"World.KnightV.03\",\"ItemId\":630,\"Position\":{\"x\":-238.128,\"y\":97.089,\"z\":950.960266},\"Rotation\":{\"x\":356.628723,\"y\":69.52765,\"z\":37.52209}},{\"ObjectNameId\":\"World.KnightV.04\",\"ItemId\":630,\"Position\":{\"x\":-1031.791,\"y\":226.86,\"z\":-625.11},\"Rotation\":{\"x\":351.3573,\"y\":158.840546,\"z\":335.1593}},{\"ObjectNameId\":\"World.KnightV.05\",\"ItemId\":630,\"Position\":{\"x\":1285.29871,\"y\":228.157,\"z\":-725.347},\"Rotation\":{\"x\":354.536316,\"y\":258.733917,\"z\":33.54773}},{\"ObjectNameId\":\"World.KnightV.06\",\"ItemId\":630,\"Position\":{\"x\":1106.58667,\"y\":87.5037155,\"z\":1622.528},\"Rotation\":{\"x\":353.512939,\"y\":186.727982,\"z\":59.38967}},{\"ObjectNameId\":\"World.KnightV.07\",\"ItemId\":630,\"Position\":{\"x\":1454.986,\"y\":192.25,\"z\":-417.372},\"Rotation\":{\"x\":355.17334,\"y\":306.921173,\"z\":323.681152}},{\"ObjectNameId\":\"World.KnightV.08\",\"ItemId\":630,\"Position\":{\"x\":-1092.74023,\"y\":93.476,\"z\":1277.42529},\"Rotation\":{\"x\":353.6405,\"y\":269.1214,\"z\":53.79985},\"State\":1},{\"ObjectNameId\":\"World.KnightV.09\",\"ItemId\":630,\"Position\":{\"x\":-1177.635,\"y\":227.554,\"z\":-1697.917},\"Rotation\":{\"x\":0.430921555,\"y\":210.561981,\"z\":312.084717}},{\"ObjectNameId\":\"World.KnightV.10\",\"ItemId\":630,\"Position\":{\"x\":-973.578,\"y\":272.885,\"z\":-783.283},\"Rotation\":{\"x\":359.134064,\"y\":148.511169,\"z\":308.603241}},{\"ObjectNameId\":\"World.KnightV.11\",\"ItemId\":630,\"Position\":{\"x\":-734.531,\"y\":134.001541,\"z\":28.555},\"Rotation\":{\"x\":359.134064,\"y\":275.3971,\"z\":308.603241}},{\"ObjectNameId\":\"World.KnightV.12\",\"ItemId\":630,\"Position\":{\"x\":-973.578,\"y\":272.885,\"z\":-783.283},\"Rotation\":{\"x\":359.134064,\"y\":148.511169,\"z\":308.603241}},{\"ObjectNameId\":\"World.KnightV.13\",\"ItemId\":630,\"Position\":{\"x\":-1132.82556,\"y\":278.821,\"z\":-1086.89417},\"Rotation\":{\"x\":356.135834,\"y\":114.3761,\"z\":40.2333832}},{\"ObjectNameId\":\"98ec5c79-0a71-474e-bcab-41858a86342f\",\"ItemId\":630,\"State\":1,\"RuntimeCreated\":true},{\"ObjectNameId\":\"3b278586-74af-4039-b193-f001c1ba390b\",\"ItemId\":630,\"State\":1,\"RuntimeCreated\":true},{\"ObjectNameId\":\"8ebf6b50-91ef-40e6-9b03-43b18183ba47\",\"ItemId\":630,\"State\":1,\"RuntimeCreated\":true},{\"ObjectNameId\":\"61d602e4-f652-4e62-84e9-564bd5b8358e\",\"ItemId\":630,\"State\":1,\"RuntimeCreated\":true},{\"ObjectNameId\":\"2131ce8b-946d-4793-8c71-0007217662c1\",\"ItemId\":630,\"State\":1,\"RuntimeCreated\":true},{\"ObjectNameId\":\"b68a4e3e-a349-4894-9f51-55918e004b83\",\"ItemId\":630,\"State\":1,\"RuntimeCreated\":true},{\"ObjectNameId\":\"baaa95f5-f4c1-4a87-9008-51162aa3bdb1\",\"ItemId\":630,\"Position\":{\"x\":-1253.27759,\"y\":100.381065,\"z\":1393.723},\"Rotation\":{\"x\":0.170604721,\"y\":308.462036,\"z\":13.6825285},\"State\":1,\"RuntimeCreated\":true},{\"ObjectNameId\":\"19a30af0-a5bc-4ed4-aa3c-8357a0078e24\",\"ItemId\":630,\"Position\":{\"x\":-1243.64648,\"y\":101.088814,\"z\":1397.11609},\"Rotation\":{\"x\":350.869965,\"y\":312.259338,\"z\":241.9831},\"State\":1,\"RuntimeCreated\":true},{\"ObjectNameId\":\"576b7510-2fbe-40d8-9cf0-11f49d189236\",\"ItemId\":630,\"State\":1,\"RuntimeCreated\":true},{\"ObjectNameId\":\"3ddb2ae0-a970-4917-831d-4e36a4b164a4\",\"ItemId\":630,\"State\":1,\"RuntimeCreated\":true},{\"ObjectNameId\":\"a9ba3fb7-597b-4c04-b61b-0e09c3808072\",\"ItemId\":630,\"State\":1,\"RuntimeCreated\":true},{\"ObjectNameId\":\"94cecb3b-0c5b-4df6-9e4a-cf8493eb742b\",\"ItemId\":630,\"State\":1,\"RuntimeCreated\":true},{\"ObjectNameId\":\"66b47bdf-7cd2-492f-939e-1c8db21fbe29\",\"ItemId\":630,\"State\":1,\"RuntimeCreated\":true},{\"ObjectNameId\":\"7e3ecf4e-d6f3-49b0-a8e5-04085513005a\",\"ItemId\":630,\"State\":1,\"RuntimeCreated\":true},{\"ObjectNameId\":\"ed86f146-dbbc-477c-88c3-e6723a019098\",\"ItemId\":630,\"Position\":{\"x\":-1122.288,\"y\":37.2315369,\"z\":1621.36365},\"Rotation\":{\"x\":359.96167,\"y\":2.993577,\"z\":359.42215},\"RuntimeCreated\":true},{\"ObjectNameId\":\"a2dfca8d-5b10-4549-91ad-3c4e0413523d\",\"ItemId\":630,\"State\":1,\"RuntimeCreated\":true},{\"ObjectNameId\":\"e8b64339-994e-4489-8108-d9b5a22c8b22\",\"ItemId\":630,\"State\":1,\"RuntimeCreated\":true},{\"ObjectNameId\":\"d3913b22-eb80-43f6-a13c-c64b3ffe7a6e\",\"ItemId\":630,\"State\":1,\"RuntimeCreated\":true},{\"ObjectNameId\":\"f9a5fc86-5589-4b16-8c2f-add37a944cf2\",\"ItemId\":630,\"State\":1,\"RuntimeCreated\":true},{\"ObjectNameId\":\"8aaa761c-f605-49f6-a799-5201d8c8acdc\",\"ItemId\":630,\"State\":1,\"RuntimeCreated\":true},{\"ObjectNameId\":\"1191c7d5-e7cb-4813-958d-4fe00d56776c\",\"ItemId\":630,\"State\":1,\"RuntimeCreated\":true},{\"ObjectNameId\":\"0977b1aa-1d2a-4d7c-b369-c6a3d14b85cc\",\"ItemId\":630,\"State\":1,\"RuntimeCreated\":true},{\"ObjectNameId\":\"e9d2e9ae-e379-4490-978f-e47c3bf5820b\",\"ItemId\":630,\"State\":1,\"RuntimeCreated\":true},{\"ObjectNameId\":\"7c95108f-ab92-462d-b6e7-e41bf898c9e2\",\"ItemId\":630,\"State\":1,\"RuntimeCreated\":true},{\"ObjectNameId\":\"360605bd-33ba-495a-b8db-2118f30bf9c3\",\"ItemId\":630,\"State\":1,\"RuntimeCreated\":true},{\"ObjectNameId\":\"a6bbaa42-3760-469f-b34c-f4297d32e1d1\",\"ItemId\":630,\"State\":1,\"RuntimeCreated\":true},{\"ObjectNameId\":\"55c6098b-4322-4900-a138-ddb47915d90e\",\"ItemId\":630,\"State\":1,\"RuntimeCreated\":true},{\"ObjectNameId\":\"e2059caa-ff03-4066-8815-95ef19528234\",\"ItemId\":630,\"State\":1,\"RuntimeCreated\":true},{\"ObjectNameId\":\"daffbd94-04b0-4088-9212-f0578fd507c5\",\"ItemId\":630,\"State\":1,\"RuntimeCreated\":true},{\"ObjectNameId\":\"99a82bce-377b-4221-af45-d87b05c34e61\",\"ItemId\":630,\"State\":1,\"RuntimeCreated\":true},{\"ObjectNameId\":\"e0e59acb-7d3a-4d33-9777-5e8aa2f1b85b\",\"ItemId\":630,\"State\":1,\"RuntimeCreated\":true},{\"ObjectNameId\":\"0956f8d5-4c18-48a5-ad12-0e18f2f06771\",\"ItemId\":630,\"State\":1,\"RuntimeCreated\":true},{\"ObjectNameId\":\"726c93f9-6d8c-419e-a272-2a2b81518c21\",\"ItemId\":630,\"State\":1,\"RuntimeCreated\":true},{\"ObjectNameId\":\"7ead3df3-6603-4502-a9bf-712502002a04\",\"ItemId\":630,\"State\":1,\"RuntimeCreated\":true},{\"ObjectNameId\":\"c7750ead-0207-4af7-87a1-acb38d0ab372\",\"ItemId\":630,\"State\":1,\"RuntimeCreated\":true},{\"ObjectNameId\":\"7682f616-70d4-4595-93f1-b8798c347078\",\"ItemId\":630,\"State\":1,\"RuntimeCreated\":true},{\"ObjectNameId\":\"4660a870-7cf3-4636-93c7-d73cc4cf37bf\",\"ItemId\":630,\"State\":1,\"RuntimeCreated\":true},{\"ObjectNameId\":\"167119be-24cf-4a5d-80aa-455d49e96c94\",\"ItemId\":630,\"State\":1,\"RuntimeCreated\":true},{\"ObjectNameId\":\"a9b8663a-e493-4f60-a1ef-d74129d13382\",\"ItemId\":630,\"State\":1,\"RuntimeCreated\":true},{\"ObjectNameId\":\"40d03a6f-1d6a-4825-b5a6-c6f71ecf1f89\",\"ItemId\":630,\"State\":1,\"RuntimeCreated\":true},{\"ObjectNameId\":\"fe0ed016-5bda-4a10-a7fb-35e732adcd44\",\"ItemId\":630,\"State\":1,\"RuntimeCreated\":true},{\"ObjectNameId\":\"7e6d3680-0bec-4c30-b6fe-1688402f99d0\",\"ItemId\":630,\"State\":1,\"RuntimeCreated\":true},{\"ObjectNameId\":\"6fd87f29-b55f-4264-87d9-b92024a88974\",\"ItemId\":630,\"State\":1,\"RuntimeCreated\":true},{\"ObjectNameId\":\"712c1d2b-3fd2-45bb-bb56-d1584d71e938\",\"ItemId\":630,\"State\":1,\"RuntimeCreated\":true},{\"ObjectNameId\":\"2c10ca37-5189-48d3-9b95-2be56af1441d\",\"ItemId\":630,\"State\":1,\"RuntimeCreated\":true},{\"ObjectNameId\":\"51f7a6eb-4746-4aad-ae14-4aeaaaed87fe\",\"ItemId\":630,\"Position\":{\"x\":-1651.14465,\"y\":14.8758764,\"z\":483.9127},\"Rotation\":{\"x\":1.50179076,\"y\":303.449219,\"z\":107.748787},\"State\":1,\"RuntimeCreated\":true},{\"ObjectNameId\":\"01322f2d-6320-41a2-b30b-ee60336a629b\",\"ItemId\":630,\"State\":1,\"RuntimeCreated\":true},{\"ObjectNameId\":\"169e237e-a829-4381-991d-9c849333f26d\",\"ItemId\":630,\"State\":1,\"RuntimeCreated\":true},{\"ObjectNameId\":\"3cfb0af8-b465-4f3b-9754-8b220551402a\",\"ItemId\":630,\"State\":1,\"RuntimeCreated\":true},{\"ObjectNameId\":\"703fdda0-4ad4-4fe3-a06c-f4d92aeae2f1\",\"ItemId\":630,\"State\":1,\"RuntimeCreated\":true},{\"ObjectNameId\":\"7f275d33-1889-43a6-81c9-0c73696742bf\",\"ItemId\":630,\"Position\":{\"x\":-1653.035,\"y\":14.7877207,\"z\":484.923645},\"Rotation\":{\"x\":356.185974,\"y\":187.980347,\"z\":358.107422},\"State\":1,\"RuntimeCreated\":true},{\"ObjectNameId\":\"30c4d1b6-388f-4e68-bff7-115beb2de08a\",\"ItemId\":630,\"Position\":{\"x\":-1649.14832,\"y\":15.0355492,\"z\":480.058533},\"Rotation\":{\"x\":0.5986018,\"y\":63.6728821,\"z\":1.20804918},\"State\":1,\"RuntimeCreated\":true},{\"ObjectNameId\":\"564be078-6362-4542-8f6b-5adc66222ea0\",\"ItemId\":630,\"State\":1,\"RuntimeCreated\":true},{\"ObjectNameId\":\"e7f1c75a-b1d0-4c0a-94ec-8c397428910e\",\"ItemId\":630,\"State\":1,\"RuntimeCreated\":true},{\"ObjectNameId\":\"95245197-ff1e-4c25-a2bc-54b73e4d27ef\",\"ItemId\":630,\"State\":1,\"RuntimeCreated\":true},{\"ObjectNameId\":\"fbdb0cd9-6642-4598-8ce6-eb3b0e0135a0\",\"ItemId\":630,\"State\":1,\"RuntimeCreated\":true},{\"ObjectNameId\":\"c9374c2d-bc41-46c3-9d39-c42fc16959b8\",\"ItemId\":630,\"State\":1,\"RuntimeCreated\":true},{\"ObjectNameId\":\"f3777551-14f3-4c72-922a-f64d2476f344\",\"ItemId\":630,\"State\":1,\"RuntimeCreated\":true},{\"ObjectNameId\":\"00c5f57d-e901-4e0c-9410-31f38db61ccb\",\"ItemId\":630,\"State\":1,\"RuntimeCreated\":true},{\"ObjectNameId\":\"921f8227-422f-4abb-a6e7-7f7e9778973b\",\"ItemId\":630,\"State\":1,\"RuntimeCreated\":true},{\"ObjectNameId\":\"74eeb133-ea89-45e5-8491-61c6479d242f\",\"ItemId\":630,\"State\":1,\"RuntimeCreated\":true},{\"ObjectNameId\":\"8c2e03a8-2f21-4637-929e-3aaba97cfe17\",\"ItemId\":630,\"State\":1,\"RuntimeCreated\":true},{\"ObjectNameId\":\"5de29b52-af96-4a14-a342-4130471afe27\",\"ItemId\":630,\"State\":1,\"RuntimeCreated\":true},{\"ObjectNameId\":\"597607f9-2afe-4884-b0b6-97b8d0c57290\",\"ItemId\":630,\"State\":1,\"RuntimeCreated\":true},{\"ObjectNameId\":\"72741be9-0bba-4a4c-997f-c174b6b3aac8\",\"ItemId\":630,\"State\":1,\"RuntimeCreated\":true},{\"ObjectNameId\":\"f83e549d-b85c-41d6-9d67-4c90b65a5cf1\",\"ItemId\":630,\"State\":1,\"RuntimeCreated\":true},{\"ObjectNameId\":\"b772867b-9602-4462-9f13-09b89dc23bf7\",\"ItemId\":630,\"State\":1,\"RuntimeCreated\":true},{\"ObjectNameId\":\"af984583-3727-4c57-8160-8a615de18576\",\"ItemId\":630,\"State\":1,\"RuntimeCreated\":true},{\"ObjectNameId\":\"415237a7-928e-493f-987e-d82c25a4f0c3\",\"ItemId\":630,\"State\":1,\"RuntimeCreated\":true},{\"ObjectNameId\":\"7eeabfba-6e52-4dbe-984e-a9885a575974\",\"ItemId\":630,\"State\":1,\"RuntimeCreated\":true},{\"ObjectNameId\":\"e9f30083-6c11-4ce8-8e8a-a930e28cfa60\",\"ItemId\":630,\"State\":1,\"RuntimeCreated\":true},{\"ObjectNameId\":\"b0ac7e9d-caf4-4690-a434-c6f4649f003f\",\"ItemId\":630,\"State\":1,\"RuntimeCreated\":true},{\"ObjectNameId\":\"773868e1-eb65-4f0e-b371-a9b30ec5d0d2\",\"ItemId\":630,\"State\":1,\"RuntimeCreated\":true},{\"ObjectNameId\":\"ff79dad5-0794-4575-9661-fed5f11cff2a\",\"ItemId\":630,\"State\":1,\"RuntimeCreated\":true},{\"ObjectNameId\":\"620518c3-3066-4f76-91c9-c4daaa413d8d\",\"ItemId\":630,\"Position\":{\"x\":-603.524353,\"y\":94.4405746,\"z\":577.682556},\"Rotation\":{\"x\":59.3753471,\"y\":240.809021,\"z\":276.4495},\"State\":1,\"RuntimeCreated\":true},{\"ObjectNameId\":\"925c813d-1817-44f4-9b74-f44695376fc3\",\"ItemId\":630,\"Position\":{\"x\":-605.0658,\"y\":94.41512,\"z\":577.114441},\"Rotation\":{\"x\":348.709137,\"y\":54.0620079,\"z\":101.184158},\"RuntimeCreated\":true},{\"ObjectNameId\":\"7b7ad61e-42bd-4ec0-a65c-008f2822961e\",\"ItemId\":630,\"State\":1,\"RuntimeCreated\":true},{\"ObjectNameId\":\"d37a0e49-1579-4f2a-9232-52cdb232af02\",\"ItemId\":630,\"State\":1,\"RuntimeCreated\":true},{\"ObjectNameId\":\"b3a68bd8-c51a-45c2-b0a6-d2e62464e1d0\",\"ItemId\":630,\"State\":1,\"RuntimeCreated\":true},{\"ObjectNameId\":\"37633b3f-3e1d-4db5-bb76-476786083bbd\",\"ItemId\":630,\"State\":1,\"RuntimeCreated\":true},{\"ObjectNameId\":\"7bc456ca-f4af-4a44-9198-3e8ecae717b0\",\"ItemId\":630,\"State\":1,\"RuntimeCreated\":true},{\"ObjectNameId\":\"a3f8aa2e-916f-4687-b089-974c9792b9f9\",\"ItemId\":630,\"State\":1,\"RuntimeCreated\":true},{\"ObjectNameId\":\"a198f3ba-fcf3-4abc-bea4-d4912a134f43\",\"ItemId\":630,\"State\":1,\"RuntimeCreated\":true},{\"ObjectNameId\":\"5b40b957-abc7-483a-a6e4-6db23040c571\",\"ItemId\":630,\"State\":1,\"RuntimeCreated\":true},{\"ObjectNameId\":\"f9f81e8e-4177-4a80-97d4-625d690a2c31\",\"ItemId\":630,\"State\":1,\"RuntimeCreated\":true},{\"ObjectNameId\":\"0f17f729-49a5-4680-858c-650131d66c49\",\"ItemId\":630,\"Position\":{\"x\":-602.9162,\"y\":93.02266,\"z\":569.4472},\"Rotation\":{\"x\":351.133057,\"y\":334.965637,\"z\":62.4231834},\"State\":1,\"RuntimeCreated\":true},{\"ObjectNameId\":\"1b7020ce-ad49-40d9-b7ca-053a0ce3fffe\",\"ItemId\":630,\"State\":1,\"RuntimeCreated\":true},{\"ObjectNameId\":\"66c6f7a1-f02f-4e58-84fb-8dd666f64b27\",\"ItemId\":630,\"Position\":{\"x\":-604.2671,\"y\":94.19571,\"z\":576.319},\"Rotation\":{\"x\":63.5046463,\"y\":176.478683,\"z\":96.7886658},\"RuntimeCreated\":true},{\"ObjectNameId\":\"a9c92879-d878-449a-9dc4-c2d93d24209d\",\"ItemId\":630,\"State\":1,\"RuntimeCreated\":true},{\"ObjectNameId\":\"864a4fa3-d18a-4861-97ad-91718df48b3a\",\"ItemId\":630,\"State\":1,\"RuntimeCreated\":true},{\"ObjectNameId\":\"34f77e14-5b75-4d7f-a327-57ae0221429f\",\"ItemId\":630,\"State\":1,\"RuntimeCreated\":true},{\"ObjectNameId\":\"951ec790-c17e-47ec-9b4d-dcd24e635f62\",\"ItemId\":630,\"Position\":{\"x\":-609.5277,\"y\":94.1547852,\"z\":577.6078},\"Rotation\":{\"x\":61.730587,\"y\":24.925005,\"z\":85.324},\"RuntimeCreated\":true}]}"}}