{"Version":"0.0.0","Data":{"PlayerState":"{\"_entries\":[{\"Name\":\"seenFirstTimeEquip_00000486\",\"BoolValue\":true},{\"Name\":\"isNewItemInInventory_00000483\"},{\"Name\":\"crafted.00000379\",\"SettingType\":1,\"IntValue\":1},{\"Name\":\"crafted.00000412\",\"SettingType\":1,\"IntValue\":1},{\"Name\":\"crafted.00000413\",\"SettingType\":1,\"IntValue\":1},{\"Name\":\"crafted.00000589\",\"SettingType\":1,\"IntValue\":1},{\"Name\":\"isNewCraftingRecipe_StartingEmergencyPackRecipe\"},{\"Name\":\"seenFirstTimeEquip_00000379\",\"BoolValue\":true},{\"Name\":\"consumed.00000436\",\"SettingType\":1,\"IntValue\":1},{\"Name\":\"ShowMissingTacticalsTutorial\"},{\"Name\":\"ShowMissingPufftonsTutorial\"},{\"Name\":\"seenFirstTimeEquip_00000412\",\"BoolValue\":true},{\"Name\":\"isNewCraftingRecipeTutorial_CraftedSpearRecipe\"},{\"Name\":\"isNewCraftingRecipeTutorial_CraftedAxeRecipe\"},{\"Name\":\"isNewCraftingRecipeTutorial_CraftedBowRecipe\"},{\"Name\":\"isNewItemInInventory_00000379\"},{\"Name\":\"InventoryLightsActive\"},{\"Name\":\"seenFirstTimeEquip_00000589\",\"BoolValue\":true},{\"Name\":\"TutorialBookPageIndex\",\"SettingType\":1,\"IntValue\":1},{\"Name\":\"isNewItemInInventory_00000419\"},{\"Name\":\"isNewItemInInventory_00000420\"},{\"Name\":\"isNewItemInInventory_00000369\"},{\"Name\":\"isNewItemInInventory_00000363\"},{\"Name\":\"isNewItemInInventory_00000413\"},{\"Name\":\"isNewItemInInventory_00000589\"},{\"Name\":\"isNewItemInInventory_00000364\"},{\"Name\":\"isNewItemInInventory_00000402\"},{\"Name\":\"isNewItemInInventory_00000412\"},{\"Name\":\"isNewItemInInventory_00000441\"},{\"Name\":\"isNewItemInInventory_00000476\"},{\"Name\":\"isNewItemInInventory_00000393\"},{\"Name\":\"isNewItemInInventory_00000392\"},{\"Name\":\"isNewItemInInventory_00000495\"},{\"Name\":\"isNewItemInInventory_00000446\"},{\"Name\":\"isNewItemInInventory_00000445\"},{\"Name\":\"isNewItemInInventory_00000414\"},{\"Name\":\"isNewItemInInventory_00000529\"},{\"Name\":\"isNewItemInInventory_00000437\"},{\"Name\":\"isNewItemInInventory_00000486\"},{\"Name\":\"isNewItemInInventory_00000403\"},{\"Name\":\"isNewItemInInventory_00000471\"},{\"Name\":\"consumed.00000441\",\"SettingType\":1,\"IntValue\":3},{\"Name\":\"isNewItemInInventory_00000447\"},{\"Name\":\"consumed.00000447\",\"SettingType\":1,\"IntValue\":2},{\"Name\":\"isNewItemInInventory_00000380\"},{\"Name\":\"isNewItemInInventory_00000433\"},{\"Name\":\"consumed.00000433\",\"SettingType\":1,\"IntValue\":6},{\"Name\":\"isNewItemInInventory_00000651\"},{\"Name\":\"consumed.00000437\",\"SettingType\":1,\"IntValue\":1},{\"Name\":\"SCREWBookLastUsed\"},{\"Name\":\"BlueprintBookPageIndex\",\"SettingType\":1,\"IntValue\":6},{\"Name\":\"isNewItemInInventory_00000508\"},{\"Name\":\"crafted.00000418\",\"SettingType\":1,\"IntValue\":1},{\"Name\":\"crafted.00000419\",\"SettingType\":1,\"IntValue\":1},{\"Name\":\"isNewCraftingRecipe_LootPouchRecipe\"},{\"Name\":\"isNewCraftingRecipeTutorial_CraftedArrowsRecipe\"},{\"Name\":\"isNewItemInInventory_00000479\"},{\"Name\":\"isNewItemInInventory_00000418\"},{\"Name\":\"isNewItemInInventory_00000599\"},{\"Name\":\"isNewItemInInventory_00000400\"},{\"Name\":\"Strength\",\"SettingType\":2,\"FloatValue\":80.2767258},{\"Name\":\"StrengthLevel\",\"SettingType\":1,\"IntValue\":7},{\"Name\":\"CurrentStrength\",\"SettingType\":2,\"FloatValue\":2692.75977},{\"Name\":\"RequiredCurrentStrengthPerLevel\",\"SettingType\":2,\"FloatValue\":3354.34668},{\"Name\":\"MaxHealth\",\"SettingType\":2,\"FloatValue\":112.0},{\"Name\":\"CurrentHealth\",\"SettingType\":2,\"FloatValue\":21.0},{\"Name\":\"TargetHealth\",\"SettingType\":2,\"FloatValue\":21.0},{\"Name\":\"Hydration\",\"SettingType\":2,\"FloatValue\":52.63821},{\"Name\":\"Fullness\",\"SettingType\":2,\"FloatValue\":55.56357},{\"Name\":\"Rest\",\"SettingType\":2,\"FloatValue\":57.58453},{\"Name\":\"Stamina\",\"SettingType\":2,\"FloatValue\":60.41668},{\"Name\":\"HydrationBuff\",\"SettingType\":2,\"FloatValue\":-3.80968},{\"Name\":\"FullnessBuff\",\"SettingType\":2,\"FloatValue\":-3.86673212},{\"Name\":\"RestBuff\",\"SettingType\":2,\"FloatValue\":-3.75509262E-06},{\"Name\":\"CookingBuffTimeRemaining\",\"SettingType\":2},{\"Name\":\"CookingBuffRecipe\",\"SettingType\":1,\"IntValue\":-1},{\"Name\":\"player.position\",\"SettingType\":4,\"FloatArrayValue\":[-1653.70654,14.6705713,481.815643]},{\"Name\":\"player.rotation\",\"SettingType\":4,\"FloatArrayValue\":[0.0,0.9993564,-2.79396772E-08,-0.0358718932]},{\"Name\":\"player.areaMask\",\"SettingType\":1},{\"Name\":\"isNewItemInInventory_00000356\"},{\"Name\":\"isNewItemInInventory_00000440\"},{\"Name\":\"isNewItemInInventory_00000438\"},{\"Name\":\"isNewItemInInventory_00000439\"},{\"Name\":\"isNewCraftingRecipeTutorial_FlashlightRechargeRecipe\"},{\"Name\":\"isNewItemInInventory_00000390\"},{\"Name\":\"isNewItemInInventory_00000517\"},{\"Name\":\"isNewItemInInventory_00000504\"},{\"Name\":\"consumed.00000439\",\"SettingType\":1,\"IntValue\":1},{\"Name\":\"isNewCraftingRecipeTutorial_BoneArmourRecipe\"},{\"Name\":\"HasDismountedFromKnightVBefore\",\"BoolValue\":true},{\"Name\":\"hasOwned_00000490\",\"BoolValue\":true},{\"Name\":\"isNewCraftingRecipeTutorial_DeerHideArmourRecipe\"},{\"Name\":\"isNewCraftingRecipeTutorial_LeafArmourRecipe\"},{\"Name\":\"isNewCraftingRecipeTutorial_MolotovRecipe\"},{\"Name\":\"isNewCraftingRecipeTutorial_TorchRecipe\"},{\"Name\":\"consumed.00000438\",\"SettingType\":1,\"IntValue\":1},{\"Name\":\"hasOwned_00000558\",\"BoolValue\":true},{\"Name\":\"isNewItemInInventory_00000416\"},{\"Name\":\"isNewItemInInventory_00000527\"},{\"Name\":\"isNewItemInInventory_00000421\"},{\"Name\":\"isNewItemInInventory_00000523\"},{\"Name\":\"isNewItemInInventory_00000405\"},{\"Name\":\"isNewItemInInventory_00000490\"},{\"Name\":\"hasOwned_00000495\",\"BoolValue\":true},{\"Name\":\"isNewCraftingRecipeTutorial_TimeBombRecipe\"},{\"Name\":\"consumed.00000401\",\"SettingType\":1,\"IntValue\":1}],\"NamedInts\":[{\"SaveObjectNameId\":\"BunkerLuxury.Cutscene.MutantBossIntro\"}]}"}}