{"Version":"0.0.0","Data":{"ScrewStructureInstances":"{\"_structures\":[{\"Id\":29,\"Pos\":{\"x\":-605.579834,\"y\":94.22619,\"z\":578.231445},\"Rot\":{\"x\":0.0183694642,\"y\":0.6288772,\"z\":-0.00745003251,\"w\":-0.777251959},\"Storages\":[{\"Version\":\"0.0.0\",\"ItemBlocks\":[{\"ItemId\":392,\"TotalCount\":90,\"UniqueItems\":[]}]}]},{\"Id\":31,\"Pos\":{\"x\":-605.4669,\"y\":94.26564,\"z\":579.3068},\"Rot\":{\"x\":-0.008053193,\"y\":0.7070088,\"z\":-0.0173189789,\"w\":0.7069468},\"Storages\":[{\"Version\":\"0.0.0\",\"ItemBlocks\":[]}]},{\"Id\":27,\"Pos\":{\"x\":-607.6189,\"y\":94.27637,\"z\":579.0373},\"Rot\":{\"x\":0.0178327486,\"y\":0.6288777,\"z\":-0.008562401,\"w\":-0.777252555},\"Storages\":[{\"Version\":\"0.0.0\",\"ItemBlocks\":[{\"ItemId\":433,\"TotalCount\":1,\"UniqueItems\":[{\"Modules\":[{\"CurrentState\":1,\"TimeRemainingInState\":83545.31,\"PauseDecay\":true,\"Version\":\"0.0.0\",\"ModuleId\":3}]}]},{\"ItemId\":481,\"TotalCount\":1,\"UniqueItems\":[{\"Modules\":[{\"Version\":\"0.0.0\"},{\"SourceActorType\":13,\"Version\":\"0.0.0\",\"ModuleId\":1},{\"CurrentState\":1,\"TimeRemainingInState\":24841.3613,\"PauseDecay\":true,\"Version\":\"0.0.0\",\"ModuleId\":3}]}]}]}]}]}"}}