{"Version":"0.0.0","Data":{"WorldObjectLocatorManager":"{\"Version\":\"0.0.0\",\"SerializedStates\":[{\"Key\":\"6ED7E3FF560A0D009AC80E00\",\"Value\":3},{\"Key\":\"6AC1E3FF59F30C00B2AC0E00\",\"Value\":3},{\"Key\":\"55ADE3FF74F10C00C9C50E00\",\"Value\":3},{\"Key\":\"46AAE3FF47E80C0000B20E00\",\"Value\":3},{\"Key\":\"7283E3FF10D30C00FABC0E00\",\"Value\":3},{\"Key\":\"A574E3FFA7C00C00FA970E00\",\"Value\":3},{\"Key\":\"9077E3FFB4C50C007FA60E00\",\"Value\":3},{\"Key\":\"C5B9DBFF0AA90500E3BE2200\",\"Value\":3},{\"Key\":\"71A4DBFF5EA90500F8AD2200\",\"Value\":3},{\"Key\":\"CAB4DBFFBCA205009EAE2200\",\"Value\":3},{\"Key\":\"007CDBFFAAAB0500CC112300\",\"Value\":1},{\"Key\":\"35FBDBFF7AB50500E6212300\",\"Value\":1},{\"Key\":\"C246DBFFECB00500780F2300\",\"Value\":3},{\"Key\":\"FD5ADBFF02A40500F5892300\",\"Value\":1},{\"Key\":\"1C67DBFFB5AB05003F2C2300\",\"Value\":3},{\"Key\":\"1B67DBFF27AB0500B3192300\",\"Value\":3},{\"Key\":\"C47BDBFF13A6050014302300\",\"Value\":3},{\"Key\":\"5074DBFF11A8050035212300\",\"Value\":3},{\"Key\":\"A085DBFF0AA7050085262300\",\"Value\":3},{\"Key\":\"A085DBFF83A90500F81C2300\",\"Value\":3},{\"Key\":\"376EDBFF6DAC05002A0C2300\",\"Value\":3},{\"Key\":\"9D2FDBFFFCA0050053E92300\",\"Value\":1},{\"Key\":\"E3C6DAFF18BF0500CB792300\",\"Value\":3},{\"Key\":\"BD7BDAFFFDBA0500E3172300\",\"Value\":3},{\"Key\":\"6F55DAFF37C1050054512300\",\"Value\":3},{\"Key\":\"4356DAFF41C10500443D2300\",\"Value\":3},{\"Key\":\"4B67DAFF0BBF0500B22F2300\",\"Value\":3},{\"Key\":\"D480DAFFE4B9050030932300\",\"Value\":3},{\"Key\":\"110ADAFF61B9050021062400\",\"Value\":1},{\"Key\":\"D4E1D9FF25BB0500AA352200\",\"Value\":1},{\"Key\":\"A87ADAFF30C005002F402300\",\"Value\":3},{\"Key\":\"EF41DAFFB8C00500D82B2300\",\"Value\":1},{\"Key\":\"DABAD9FF25BB0500CA8C2200\",\"Value\":3},{\"Key\":\"5B2EDAFFB7BF05002E1E2300\",\"Value\":1},{\"Key\":\"3755DAFFF1BB05001A7F2300\",\"Value\":3},{\"Key\":\"E02FDAFF49BB050029F12200\",\"Value\":1},{\"Key\":\"3743DAFF2DBB0500E6F02200\",\"Value\":1},{\"Key\":\"7141DAFF54C2050028532300\",\"Value\":3},{\"Key\":\"9354DAFF25BB0500430B2300\",\"Value\":3},{\"Key\":\"0B55DAFF25BB05008BF22200\",\"Value\":1},{\"Key\":\"4567DAFF25BB0500E5082300\",\"Value\":3},{\"Key\":\"193DDAFFFEB80500E7D72300\",\"Value\":3},{\"Key\":\"C8F4D9FF4BBC050064012400\",\"Value\":1},{\"Key\":\"D42EDAFFFEB80500B7EA2300\",\"Value\":1},{\"Key\":\"DB32DAFFFEB80500AA072400\",\"Value\":1},{\"Key\":\"75A6D9FF4CD1050017BD2400\",\"Value\":1},{\"Key\":\"A085DBFFB2A20500323F2300\",\"Value\":3},{\"Key\":\"DDE2D9FF09BD0500D8952400\",\"Value\":1},{\"Key\":\"078FDAFF42B905001F6F2400\",\"Value\":1},{\"Key\":\"67C9DAFF7FB705001D812400\",\"Value\":1},{\"Key\":\"47C8DAFFEEB60500F8772400\",\"Value\":1},{\"Key\":\"EAB8DAFFEEB6050036672400\",\"Value\":1},{\"Key\":\"A98DDBFFB4A70500B7322300\",\"Value\":3},{\"Key\":\"B6AADAFF28BA05006EE02400\",\"Value\":1},{\"Key\":\"4F56DAFFFEB805000B062400\",\"Value\":1},{\"Key\":\"C558DAFFFEB80500A91A2400\",\"Value\":1},{\"Key\":\"997DDAFFFEB8050041532400\",\"Value\":1},{\"Key\":\"5A6BDAFF1AB905004C802400\",\"Value\":1},{\"Key\":\"7B8FDAFFFEB805004C522400\",\"Value\":1},{\"Key\":\"816CDAFFFEB8050010A62400\",\"Value\":1},{\"Key\":\"DFCBDAFF1EB60500A9462400\",\"Value\":1},{\"Key\":\"9CDADAFFB8B50500B3502400\",\"Value\":1},{\"Key\":\"121EDAFFFEB8050099B22400\",\"Value\":1},{\"Key\":\"C658DAFFFEB80500137A2400\",\"Value\":1},{\"Key\":\"B8F0DAFF25AF05003B5A2400\",\"Value\":1},{\"Key\":\"64EDDAFFE7B105009B372400\",\"Value\":1},{\"Key\":\"C6F1DAFF9EAE050005542400\",\"Value\":1},{\"Key\":\"B5B4DAFF3CBC0500E5322300\",\"Value\":1},{\"Key\":\"1033DAFF3FB905001EC12300\",\"Value\":1},{\"Key\":\"0B1CDAFF25BB0500E1B82200\",\"Value\":1},{\"Key\":\"D57FDAFFE8B0050022602200\",\"Value\":3},{\"Key\":\"6FBFD9FF7AC80500FAB42400\",\"Value\":1},{\"Key\":\"3EBAD9FFBEC7050033AC2300\",\"Value\":1},{\"Key\":\"2D6BDAFFDBB805003A902200\",\"Value\":1},{\"Key\":\"3E54DAFFD2B8050048842200\",\"Value\":1},{\"Key\":\"6842DAFF25BB0500B0C02200\",\"Value\":1},{\"Key\":\"7A1BDAFFAABA0500895A2200\",\"Value\":1},{\"Key\":\"D33ADAFF4BB70500AB572200\",\"Value\":3},{\"Key\":\"E7F5D9FFCDBE050040182300\",\"Value\":1},{\"Key\":\"361EDAFF34B90500C6E02300\",\"Value\":1},{\"Key\":\"0D2EDAFF79BA0500F7702200\",\"Value\":1},{\"Key\":\"5243DAFF0DB50500253C2200\",\"Value\":1},{\"Key\":\"3455DAFF9AB30500AD3A2200\",\"Value\":1},{\"Key\":\"CE67DAFF6AB30500BB392200\",\"Value\":1},{\"Key\":\"7EB6DAFF25BB050071E82200\",\"Value\":1},{\"Key\":\"28C7DAFF7BB7050069F82200\",\"Value\":1},{\"Key\":\"4FDADAFFDAB7050030F32200\",\"Value\":1},{\"Key\":\"33DCDAFFD2B90500B0032300\",\"Value\":1},{\"Key\":\"DF69DAFFFEB805008C192400\",\"Value\":1},{\"Key\":\"0A68DAFFFEB805003A042400\",\"Value\":1},{\"Key\":\"AE55DAFFFEB805007EC32300\",\"Value\":1},{\"Key\":\"AC68DAFFFEB8050088B02300\",\"Value\":1},{\"Key\":\"4767DAFFFEB805001AC82300\",\"Value\":1},{\"Key\":\"13F7DAFFFCA70500C4D52100\",\"Value\":1},{\"Key\":\"98EEDAFFD4A905002CCA2100\",\"Value\":1},{\"Key\":\"CBFBDAFFC5A50500FABC2100\",\"Value\":1},{\"Key\":\"EFEEDAFFCAAF05006FB62100\",\"Value\":1},{\"Key\":\"4CFCDAFFE4A405005AAD2100\",\"Value\":1},{\"Key\":\"85B6D9FFC0B90500F3D92200\",\"Value\":3},{\"Key\":\"397FDAFFFEB805006DCE2300\",\"Value\":1},{\"Key\":\"7C7BDAFFFEB80500AFDE2300\",\"Value\":1},{\"Key\":\"D358DAFFFEB8050055D42300\",\"Value\":1},{\"Key\":\"F469DAFFFEB20500A8442200\",\"Value\":1},{\"Key\":\"9527D9FFA5C105008C0F2300\",\"Value\":1},{\"Key\":\"AA24D9FFFFC20500B9202300\",\"Value\":1},{\"Key\":\"0511D9FF8EBF0500D9F92200\",\"Value\":1},{\"Key\":\"F00FD9FFCDC20500871D2300\",\"Value\":1},{\"Key\":\"E939D9FFB4BF0500B1022300\",\"Value\":1},{\"Key\":\"3CDCDAFFB8BA050072342300\",\"Value\":1},{\"Key\":\"98D3DBFF9EB6050069E72200\",\"Value\":1},{\"Key\":\"35B4DAFF3CB90500E31E2300\",\"Value\":1},{\"Key\":\"F435D9FFC5BD05006AE22200\",\"Value\":1},{\"Key\":\"4C24D9FFE3BF05001EFA2200\",\"Value\":1},{\"Key\":\"3E01DBFFAEA50500F0DF2100\",\"Value\":1},{\"Key\":\"C1F1DAFF5DA80500D7B72100\",\"Value\":1},{\"Key\":\"C7DDDAFF25AD05003FEA2100\",\"Value\":1},{\"Key\":\"B5E5DAFFA7AB05002DF22100\",\"Value\":1},{\"Key\":\"5DECDAFF8BAA050060E12100\",\"Value\":1},{\"Key\":\"70F6DAFFA2A805002DEB2100\",\"Value\":1},{\"Key\":\"67FEDAFFE4A6050067F72100\",\"Value\":1},{\"Key\":\"BEEEDAFFF3A9050082F92100\",\"Value\":1},{\"Key\":\"F70ADBFF49A30500D7EA2100\",\"Value\":1},{\"Key\":\"F135D7FF7E660600BE4A2600\",\"Value\":1},{\"Key\":\"CF34D7FFEB64060084422600\",\"Value\":1},{\"Key\":\"2022D7FF4E6F0600D7682600\",\"Value\":1},{\"Key\":\"F9DBDAFF33B00500E1CD2400\",\"Value\":1},{\"Key\":\"39DADAFFAABB0500B2442300\",\"Value\":1},{\"Key\":\"8FEDDAFFD5BF050053652300\",\"Value\":3},{\"Key\":\"BBEDDAFFECB80500EF912300\",\"Value\":1},{\"Key\":\"CBD9DAFF63B705003B872400\",\"Value\":3},{\"Key\":\"4970DBFF9D9D05000D7D2300\",\"Value\":1},{\"Key\":\"DE11D9FF68D105006D652400\",\"Value\":1},{\"Key\":\"DB12D9FF1AD4050050792400\",\"Value\":1},{\"Key\":\"3724D9FF9BE30500D6CE2400\",\"Value\":1},{\"Key\":\"AC25D9FF01DC050036A72400\",\"Value\":1},{\"Key\":\"3368DAFFABBA050033232500\",\"Value\":1},{\"Key\":\"93F7D9FF25BB05008C292200\",\"Value\":1},{\"Key\":\"D5B7D9FFC7C50500366D2400\",\"Value\":3},{\"Key\":\"BBD2D9FF08C20500DD202400\",\"Value\":1},{\"Key\":\"74CFD9FF6CC405005F042400\",\"Value\":1},{\"Key\":\"6B0ADAFF1FBC05007FF02200\",\"Value\":1},{\"Key\":\"0739D9FF43BF0500A8FB2200\",\"Value\":1},{\"Key\":\"63A2DAFF39BF05007A3D2300\",\"Value\":1},{\"Key\":\"BAC6DAFFEABA0500E72F2300\",\"Value\":1},{\"Key\":\"6CD5DBFFE1B30500253C2300\",\"Value\":1},{\"Key\":\"E5E5DBFFBDB20500AF3E2300\",\"Value\":1},{\"Key\":\"D1FCDBFF1AB605007EFC2200\",\"Value\":1},{\"Key\":\"9F0BDCFF0CB405008DF82200\",\"Value\":1},{\"Key\":\"05F8DBFFAFB3050033E32200\",\"Value\":1},{\"Key\":\"F652DAFF5EC005004EEB2500\",\"Value\":1},{\"Key\":\"313EDAFFAEC70500B2012600\",\"Value\":1},{\"Key\":\"037DDAFFFEB8050040AF2300\",\"Value\":1},{\"Key\":\"C537D9FF2DBD050006CB2200\",\"Value\":1},{\"Key\":\"1CA2DAFFE0BA05004BCB2200\",\"Value\":1},{\"Key\":\"E6DDDAFFEEB6050026E92200\",\"Value\":1},{\"Key\":\"DA7CDAFF09BD0500A9262500\",\"Value\":1},{\"Key\":\"7F80DAFF4EBA0500F6412500\",\"Value\":1},{\"Key\":\"6D86D9FF83E50500D9FE2400\",\"Value\":3},{\"Key\":\"9A80D9FFEAEC05000B192500\",\"Value\":3},{\"Key\":\"E090D9FFC0F60500D34F2500\",\"Value\":1},{\"Key\":\"FCA6D9FF43F40500A0542500\",\"Value\":1},{\"Key\":\"BC93D9FFDEFD0500F36D2500\",\"Value\":1},{\"Key\":\"F4A8D9FF7EF705005C6C2500\",\"Value\":1},{\"Key\":\"2AA6D9FFD2F90500757C2500\",\"Value\":1},{\"Key\":\"91A9D9FFF7D70500D6E92400\",\"Value\":1},{\"Key\":\"47D3D9FF8BC4050091CB2400\",\"Value\":1},{\"Key\":\"A7CED9FFF3D30500010D2500\",\"Value\":1},{\"Key\":\"0FE7D9FFB9C605000CFE2400\",\"Value\":1},{\"Key\":\"50E8D9FF34C105007BE12400\",\"Value\":1},{\"Key\":\"39E8D9FF47CC05006F152500\",\"Value\":1},{\"Key\":\"1ED1D9FF73DB0500F0252500\",\"Value\":1},{\"Key\":\"99BBD9FFB2E1050053202500\",\"Value\":1},{\"Key\":\"79BDD9FFB3DB050008112500\",\"Value\":1},{\"Key\":\"432FDAFF3DB9050016FD2400\",\"Value\":1},{\"Key\":\"B7F6D9FFB3C10500F1FD2400\",\"Value\":1},{\"Key\":\"9E92DAFF88B9050004D52400\",\"Value\":3},{\"Key\":\"C0EBDAFFEAB20500CDB72200\",\"Value\":1},{\"Key\":\"0F80DAFF38B8050065CC2500\",\"Value\":1},{\"Key\":\"061DDAFFC7BA05003F072500\",\"Value\":1},{\"Key\":\"F61ADAFF8DB9050079E52400\",\"Value\":1},{\"Key\":\"B2F5D9FF74C50500AB0F2500\",\"Value\":1},{\"Key\":\"7983DAFF14B90500E4B52500\",\"Value\":1},{\"Key\":\"1FD3DAFF8FB405005AE82400\",\"Value\":1},{\"Key\":\"5869DAFFA2B80500E9D72400\",\"Value\":1},{\"Key\":\"A567DAFF9EB80500EFE72400\",\"Value\":1},{\"Key\":\"DF59DAFFBABA050020B12500\",\"Value\":1},{\"Key\":\"C294DAFFA7B705006ED72500\",\"Value\":1},{\"Key\":\"0B3EDAFF84BC05009D792500\",\"Value\":3},{\"Key\":\"25D4DAFF97B1050057A32000\",\"Value\":1},{\"Key\":\"581CDAFF0EBC05001A1B2500\",\"Value\":1},{\"Key\":\"430BDAFF6BCF05004E592500\",\"Value\":3},{\"Key\":\"2128DAFF5DBA0500A4222500\",\"Value\":1},{\"Key\":\"5267DAFF72B90500C7B82500\",\"Value\":1},{\"Key\":\"3154DAFFDEBD050055CB2500\",\"Value\":1},{\"Key\":\"D845DAFFF9C10500DCC22500\",\"Value\":3},{\"Key\":\"0593DAFF30B50500AFEA2500\",\"Value\":1},{\"Key\":\"C56ADAFFA3B9050017D82500\",\"Value\":1},{\"Key\":\"A097DAFFD5B9050063C32500\",\"Value\":1},{\"Key\":\"787DDAFFC7B805001CAA2500\",\"Value\":1},{\"Key\":\"56B9DAFF28B90500627A2400\",\"Value\":1},{\"Key\":\"AEA4DAFFB7B80500D3662400\",\"Value\":1},{\"Key\":\"43A4DAFFCAB805008A532400\",\"Value\":1},{\"Key\":\"2795DAFF2BB605005C452100\",\"Value\":1},{\"Key\":\"DCECDAFF9AB4050094ED2300\",\"Value\":1},{\"Key\":\"D3EFDAFFA0B705001AC22300\",\"Value\":1},{\"Key\":\"2FEFDAFFB2B8050085AF2300\",\"Value\":1},{\"Key\":\"65CADAFF46BC05005D482300\",\"Value\":1},{\"Key\":\"3F14DBFFA5BE05002A462300\",\"Value\":1},{\"Key\":\"F843DBFFB6A10500E2852200\",\"Value\":1},{\"Key\":\"7802DBFF9FBB0500AF162300\",\"Value\":1},{\"Key\":\"943CDAFFC0D1050054882000\",\"Value\":1},{\"Key\":\"47D2DAFFBCB00500A2712000\",\"Value\":3},{\"Key\":\"B0CADAFFBCB0050070862000\",\"Value\":1},{\"Key\":\"F16EDAFF12060600A1AC1F00\",\"Value\":3},{\"Key\":\"49BDDAFFA3B905009A482000\",\"Value\":1},{\"Key\":\"058FDAFF6FBB05004B952400\",\"Value\":1},{\"Key\":\"26A3DAFFE1BC0500279F2400\",\"Value\":1},{\"Key\":\"3ADADAFF8FBD0500D1522300\",\"Value\":1},{\"Key\":\"BDEDDAFFC4BD0500E6512300\",\"Value\":1},{\"Key\":\"6656DAFFFEB80500CB9E2400\",\"Value\":1},{\"Key\":\"D456DAFFF6EB05003B162000\",\"Value\":3},{\"Key\":\"DAD1DBFF37B90500621C2300\",\"Value\":1},{\"Key\":\"22D3DBFFBEB80500EAF92200\",\"Value\":1},{\"Key\":\"17F8DBFF96B5050031302300\",\"Value\":1},{\"Key\":\"AA00DBFFB2B80500FCF82200\",\"Value\":1},{\"Key\":\"1CF0DAFF20BA0500C6FB2200\",\"Value\":1},{\"Key\":\"72F1DAFFADB7050056E92200\",\"Value\":1},{\"Key\":\"7EE5DAFFF2B4050018D22200\",\"Value\":1},{\"Key\":\"0702DBFF4DB50500B1D42200\",\"Value\":1},{\"Key\":\"9D1EDCFFC6B20500CA3F2300\",\"Value\":1},{\"Key\":\"D41FDCFF28A8050044182300\",\"Value\":1},{\"Key\":\"0D24DCFFEBB00500FF352300\",\"Value\":1},{\"Key\":\"E99BDBFF9AB40500F8212300\",\"Value\":1},{\"Key\":\"4B9EDBFFB8AA0500F1392300\",\"Value\":1},{\"Key\":\"B1A7DBFF0FAC05007E3D2300\",\"Value\":1},{\"Key\":\"46B0DBFFD2A9050012462300\",\"Value\":1},{\"Key\":\"7F98DBFFF9A40500F8422300\",\"Value\":1},{\"Key\":\"84C4DBFF25AA0500074D2300\",\"Value\":1},{\"Key\":\"EE9DDBFF16A005003F522300\",\"Value\":1},{\"Key\":\"01B6DBFF2CA2050087562300\",\"Value\":1},{\"Key\":\"9EC1DBFFA59E0500B2612300\",\"Value\":1},{\"Key\":\"7D8DDBFF22A1050033492300\",\"Value\":1},{\"Key\":\"EAC7DBFFEC9F0500DDB52200\",\"Value\":1},{\"Key\":\"64ABDAFF61BA0500782C2500\",\"Value\":1},{\"Key\":\"C5FED9FFCDB905004E462200\",\"Value\":3},{\"Key\":\"9C85D9FF79BD050012892200\",\"Value\":3},{\"Key\":\"B8A7D9FF74CA05007B202400\",\"Value\":1},{\"Key\":\"BA3ADAFF4FB90500862D2500\",\"Value\":3},{\"Key\":\"248FD9FF3B590600B5AC2700\",\"Value\":3},{\"Key\":\"EB11DAFF00D6050063BA2500\",\"Value\":1},{\"Key\":\"E269DAFF94B905000CE52500\",\"Value\":1},{\"Key\":\"3F6CD8FF14C90500FC1D2300\",\"Value\":3},{\"Key\":\"456CDAFF87B905009B982000\",\"Value\":1},{\"Key\":\"4F53DAFFF5C60500049B2000\",\"Value\":1},{\"Key\":\"8211DAFFDBD2050082B42000\",\"Value\":1},{\"Key\":\"1641DAFF5CCA0500AF982000\",\"Value\":1},{\"Key\":\"87F7D9FF5EC0050098292300\",\"Value\":1},{\"Key\":\"1AE4D9FF30BE0500C9162300\",\"Value\":1},{\"Key\":\"07E4D9FFA7BD05002B0E2300\",\"Value\":1},{\"Key\":\"9C6FD7FFB4E2050018C12300\",\"Value\":1},{\"Key\":\"F28FD8FF34C80500EFF42200\",\"Value\":1},{\"Key\":\"1DA6D8FF2EC7050029E72200\",\"Value\":1},{\"Key\":\"26BAD8FF28C305009FF92200\",\"Value\":1},{\"Key\":\"21BBD8FFE2C505000FDF2200\",\"Value\":1},{\"Key\":\"FCD0D8FFC3C505000EC92200\",\"Value\":1},{\"Key\":\"8FEAD7FFF1D105006A952300\",\"Value\":3},{\"Key\":\"E7A6D7FF4DE60500652A2400\",\"Value\":3},{\"Key\":\"2FD1D7FFD2DC0500D1F42300\",\"Value\":1},{\"Key\":\"D22AD8FF9FD205008CC82300\",\"Value\":1},{\"Key\":\"8308D8FFA8D6050049072400\",\"Value\":1},{\"Key\":\"8A24D8FF31D405000A282400\",\"Value\":1},{\"Key\":\"ED7BD8FF58C7050005FF2300\",\"Value\":1},{\"Key\":\"A5FAD8FFCAC70500E44F2300\",\"Value\":1},{\"Key\":\"4F1DDAFFE0C305009C6D2300\",\"Value\":1},{\"Key\":\"C01DDAFF39C20500A33C2300\",\"Value\":1},{\"Key\":\"9630DAFFCDC00500BE292300\",\"Value\":1},{\"Key\":\"4C1EDAFFA1C305005A4F2300\",\"Value\":1},{\"Key\":\"8F7AD8FFDAC7050059212400\",\"Value\":1},{\"Key\":\"7A91D8FFFFC60500280A2400\",\"Value\":1},{\"Key\":\"3931D8FFAAD10500C18F2300\",\"Value\":3},{\"Key\":\"FB07D8FF90CE05002F292300\",\"Value\":1},{\"Key\":\"52F2D7FFADCD0500ED2B2300\",\"Value\":1},{\"Key\":\"9E04D8FF9ED00500E21B2300\",\"Value\":1},{\"Key\":\"E42AD8FF10CF050088562300\",\"Value\":1},{\"Key\":\"BA17D8FF0ACE0500EE552300\",\"Value\":1},{\"Key\":\"391BD8FFDBCD050043482300\",\"Value\":1},{\"Key\":\"98F1D7FF43D30500E3092300\",\"Value\":1},{\"Key\":\"60DFD7FFB4D3050081052300\",\"Value\":1},{\"Key\":\"73CBD7FFC6D00500FB1A2300\",\"Value\":1},{\"Key\":\"6630D8FF98DF05004C642200\",\"Value\":3},{\"Key\":\"F95CD9FF7BF5050035DC2000\",\"Value\":1},{\"Key\":\"44BAD7FF50EC05003F882200\",\"Value\":1},{\"Key\":\"99CCD7FFAFE505009CA52200\",\"Value\":1},{\"Key\":\"76CDD7FF5BDC0500B0D42200\",\"Value\":1},{\"Key\":\"D36CD7FF8FDC0500C06B2300\",\"Value\":1},{\"Key\":\"F2B8D7FF71E1050098BF2200\",\"Value\":1},{\"Key\":\"2971D9FF76F50500A3C72000\",\"Value\":1},{\"Key\":\"119CD7FF62E5050003B22200\",\"Value\":1},{\"Key\":\"84A6D7FF63E10500B4C02200\",\"Value\":1},{\"Key\":\"D5CDD7FF29CF0500D4292300\",\"Value\":1},{\"Key\":\"68A5D7FF0BD8050033F42200\",\"Value\":1},{\"Key\":\"7BDED7FF8ACC0500DD422300\",\"Value\":1},{\"Key\":\"C8DED7FF6ECD05003F312300\",\"Value\":1},{\"Key\":\"3A2AD8FFA1F50500C8D92100\",\"Value\":1},{\"Key\":\"6793D7FF69D90500DDF12200\",\"Value\":1},{\"Key\":\"15E1D7FF3DDA05005CDD2200\",\"Value\":1},{\"Key\":\"D304D8FF4CDA050068D12200\",\"Value\":1},{\"Key\":\"1551D8FFECD70500B8872200\",\"Value\":1},{\"Key\":\"2F3ED8FF85D805008F982200\",\"Value\":1},{\"Key\":\"B765D8FF66D3050017AE2200\",\"Value\":1},{\"Key\":\"4B95D7FFCAD60500CC0E2300\",\"Value\":1},{\"Key\":\"0F7FD7FF45D805009C1C2300\",\"Value\":1},{\"Key\":\"1182D7FFEBD905009FFB2200\",\"Value\":1},{\"Key\":\"B070D7FF4CD90500A2222300\",\"Value\":1},{\"Key\":\"5DF3D7FF0BD6050095FA2200\",\"Value\":1},{\"Key\":\"88DCDAFF93B605002CCA2200\",\"Value\":1},{\"Key\":\"B77BD9FF4C5A06007D922700\",\"Value\":1},{\"Key\":\"086FD9FFC35C0600E2B02700\",\"Value\":1},{\"Key\":\"8D9BD9FFFA540600D4302800\",\"Value\":1},{\"Key\":\"987DD9FF43540600993B2800\",\"Value\":1},{\"Key\":\"43AED9FF35540600A6F92700\",\"Value\":1},{\"Key\":\"DC6DD9FF665B0600A6F92700\",\"Value\":1},{\"Key\":\"7448D9FF13610600A4FF2700\",\"Value\":1},{\"Key\":\"B690D9FF625306004E162800\",\"Value\":1},{\"Key\":\"BF7BD8FF31D205006E9D2200\",\"Value\":1},{\"Key\":\"C6A6D9FFACC90500238E2100\",\"Value\":1},{\"Key\":\"7AA6D9FF71CC0500CD732100\",\"Value\":1},{\"Key\":\"8F91D8FF7BFF05001A5B2100\",\"Value\":1},{\"Key\":\"11E8D9FF49CD0500B31B2100\",\"Value\":1},{\"Key\":\"1DD1D9FFA3D0050064202100\",\"Value\":1},{\"Key\":\"C2BED9FF92D405003A1A2100\",\"Value\":1},{\"Key\":\"E27CDAFF61B60500AA202100\",\"Value\":1},{\"Key\":\"7095DAFF70B405003A1A2100\",\"Value\":1},{\"Key\":\"3095DAFF18B3050012102100\",\"Value\":1},{\"Key\":\"BEA9DAFF1BB40500A5302100\",\"Value\":1},{\"Key\":\"CFA7DAFFEEB305008E202100\",\"Value\":1},{\"Key\":\"D37AD8FF76D4050008892200\",\"Value\":1},{\"Key\":\"E1A9DAFF98B40500FA452100\",\"Value\":1},{\"Key\":\"5A28DAFFF3E20500DF622000\",\"Value\":1},{\"Key\":\"3DE9D9FF97FE0500B44E2000\",\"Value\":1},{\"Key\":\"28FDD9FF4FFE050091372000\",\"Value\":1},{\"Key\":\"16AAD9FF45CD05008E662100\",\"Value\":1},{\"Key\":\"7346DAFF5FC40500A4B22000\",\"Value\":1},{\"Key\":\"E943DAFF8FC60500E5AB2000\",\"Value\":1},{\"Key\":\"3E6ADAFF05C00500418F2000\",\"Value\":1},{\"Key\":\"5F68DAFF0BB605000D0E2100\",\"Value\":1},{\"Key\":\"B255DAFF21CE0500D47B2000\",\"Value\":1},{\"Key\":\"65D4DAFFBCB00500455A2000\",\"Value\":1},{\"Key\":\"33E8DAFFBCB00500BB492000\",\"Value\":1},{\"Key\":\"2A3DD9FF5DCF05009D4A2400\",\"Value\":1},{\"Key\":\"8950D9FF6DD0050092512400\",\"Value\":1},{\"Key\":\"248FD8FF57F90500CB762100\",\"Value\":1},{\"Key\":\"7CCFD8FF5CE9050028262500\",\"Value\":1},{\"Key\":\"815ED9FFA5CF050021482400\",\"Value\":1},{\"Key\":\"27BAD8FFACE7050010252500\",\"Value\":1},{\"Key\":\"98DFD7FF69CC05007B512300\",\"Value\":1},{\"Key\":\"237FD7FFE0DC0500FBE32200\",\"Value\":1},{\"Key\":\"18A2DAFFFEB805000AA62300\",\"Value\":1},{\"Key\":\"0587D9FF75BA050061022300\",\"Value\":1},{\"Key\":\"A05CD9FF68BC05002BE02200\",\"Value\":1},{\"Key\":\"3664D7FF9FE6050064FE2300\",\"Value\":1},{\"Key\":\"5B7ADAFF25BB050081CF2200\",\"Value\":1},{\"Key\":\"F47ADAFF24BB050077BF2200\",\"Value\":1},{\"Key\":\"4E57DAFF1DBA0500AD902200\",\"Value\":1},{\"Key\":\"9E01D9FF85E90500BFFE2400\",\"Value\":3},{\"Key\":\"00B7D8FFC4E0050014B92400\",\"Value\":3},{\"Key\":\"5A91D8FFEFC80500633F2400\",\"Value\":1},{\"Key\":\"3FBBD8FFDCCD050025692400\",\"Value\":1},{\"Key\":\"63A5D8FF65CC0500F1612400\",\"Value\":1},{\"Key\":\"8390D8FFD0CC05000A612400\",\"Value\":1},{\"Key\":\"4C9ED8FF5BCA050000512400\",\"Value\":1},{\"Key\":\"1702D9FF98DE050090B32400\",\"Value\":1},{\"Key\":\"42B2D8FFCFD20500DB812400\",\"Value\":1},{\"Key\":\"89A0D8FF0DD105006D792400\",\"Value\":1},{\"Key\":\"42D8D8FF1AD1050021782400\",\"Value\":1},{\"Key\":\"05FAD7FFEFEA05009DF72400\",\"Value\":1},{\"Key\":\"E4E4D7FFB7ED050029F72400\",\"Value\":1},{\"Key\":\"AAF1D7FF03E705004AD82400\",\"Value\":3},{\"Key\":\"16E5D7FF08EA05009EEA2400\",\"Value\":1},{\"Key\":\"132AD8FF20E7050059E82400\",\"Value\":3},{\"Key\":\"9926D8FFD4E50500BB952400\",\"Value\":1},{\"Key\":\"6C13D8FFF3E6050043AC2400\",\"Value\":1},{\"Key\":\"E34ED8FFD3E4050067B92400\",\"Value\":1},{\"Key\":\"5664D8FF93DA0500AB882400\",\"Value\":1},{\"Key\":\"E97AD8FFD1D70500278C2400\",\"Value\":1},{\"Key\":\"0171D8FF3CDC0500719A2400\",\"Value\":1},{\"Key\":\"9264D8FF2DE305007EBD2400\",\"Value\":1},{\"Key\":\"576AD8FFCBE60500D8EC2400\",\"Value\":1},{\"Key\":\"6552D8FFADE60500F4DF2400\",\"Value\":1},{\"Key\":\"F451D8FF63E70500ABF52400\",\"Value\":1},{\"Key\":\"8042D8FF41E7050098EC2400\",\"Value\":1},{\"Key\":\"EA7AD8FFF3E5050005E22400\",\"Value\":1},{\"Key\":\"9F67D8FFD2E505000AD92400\",\"Value\":1},{\"Key\":\"1052D8FFDAD40500AF5C2400\",\"Value\":1},{\"Key\":\"9027D8FFF3E605006FCA2400\",\"Value\":1},{\"Key\":\"F565D8FF82CC050093482400\",\"Value\":1},{\"Key\":\"B77BD8FF08CA0500D7462400\",\"Value\":1},{\"Key\":\"4C67D9FF1AD705007D942400\",\"Value\":1},{\"Key\":\"C48CD8FFCEE50500A5E02400\",\"Value\":1},{\"Key\":\"5AEDD8FFB5D3050077802400\",\"Value\":1},{\"Key\":\"1401D9FFCDD7050041932400\",\"Value\":1},{\"Key\":\"E700D9FF9FD60500028D2400\",\"Value\":1},{\"Key\":\"9B12D9FF30D5050008812400\",\"Value\":1},{\"Key\":\"EAEBD8FF4BD20500B6782400\",\"Value\":1},{\"Key\":\"ED77D8FFFCC8050009372400\",\"Value\":1},{\"Key\":\"6868D9FF15D405004B752400\",\"Value\":1},{\"Key\":\"F3B1D8FFBDC705008BE92300\",\"Value\":1},{\"Key\":\"CDB2D8FF3AC8050099D52300\",\"Value\":1},{\"Key\":\"40B4D8FFFFC70500F3BA2300\",\"Value\":1},{\"Key\":\"0110D9FF38CF050009512400\",\"Value\":1},{\"Key\":\"4EFDD8FFD4CF05009D5D2400\",\"Value\":1},{\"Key\":\"0A57DAFFBBBA0500F0882300\",\"Value\":1},{\"Key\":\"532FDAFFC0C00500847F2300\",\"Value\":3},{\"Key\":\"F952DAFF17C2050042162600\",\"Value\":1},{\"Key\":\"9F3EDAFF3FC80500970D2600\",\"Value\":1},{\"Key\":\"CE52DAFFB3C40500732B2600\",\"Value\":1},{\"Key\":\"1F3EDAFF0FD1050005422600\",\"Value\":1},{\"Key\":\"3654DAFFA1C60500F73C2600\",\"Value\":1},{\"Key\":\"92ADDBFFE5B605005DE12500\",\"Value\":1},{\"Key\":\"6DE5DCFF55BB050023412500\",\"Value\":1},{\"Key\":\"1CCCDCFFA7B90500844A2500\",\"Value\":1},{\"Key\":\"B8C0DCFFEBB90500E3A32400\",\"Value\":1},{\"Key\":\"8FB9DCFF6AB8050063C52400\",\"Value\":1},{\"Key\":\"B3FCD9FFECB905002E092200\",\"Value\":1},{\"Key\":\"DD2CDDFFFEB8050014F32400\",\"Value\":1},{\"Key\":\"3985DCFFC4B90500E2382500\",\"Value\":1},{\"Key\":\"C85ADCFFE6B30500DE272500\",\"Value\":1},{\"Key\":\"7B6DDCFF8EB805008F3D2500\",\"Value\":1},{\"Key\":\"B467DCFF90B90500D93C2500\",\"Value\":1},{\"Key\":\"85EDDAFFCDB1050069802200\",\"Value\":1},{\"Key\":\"63D7DAFF26AE050019772200\",\"Value\":1},{\"Key\":\"79DBDAFF0BB40500DD742200\",\"Value\":1},{\"Key\":\"F9F4DAFF0CAA0500BA892200\",\"Value\":1},{\"Key\":\"F0EDDAFF39AD0500936C2200\",\"Value\":1},{\"Key\":\"5803DBFFBDA7050053692200\",\"Value\":1},{\"Key\":\"4CFCDAFFE3A70500925A2200\",\"Value\":1},{\"Key\":\"EEF3DAFF6BA80500B14C2200\",\"Value\":1},{\"Key\":\"1C1BDAFF0BC30500FF7C2300\",\"Value\":1},{\"Key\":\"5A11DBFF5CA6050026602200\",\"Value\":1},{\"Key\":\"E441DAFF21BB050041932200\",\"Value\":3},{\"Key\":\"1E70D9FFC9CE0500D3362400\",\"Value\":1},{\"Key\":\"C586D9FFD1CA05004CCE2300\",\"Value\":3},{\"Key\":\"6B70D9FFEFCA0500DCC32300\",\"Value\":3},{\"Key\":\"D9B3DAFFFEB80500A3C92300\",\"Value\":1},{\"Key\":\"212FDAFF4BC305008A512300\",\"Value\":1},{\"Key\":\"556FD9FF99F90500FFB72000\",\"Value\":1},{\"Key\":\"5CB5DAFF19B705002CAE2200\",\"Value\":1},{\"Key\":\"17C7DAFFFEB80500499F2300\",\"Value\":1},{\"Key\":\"9475D9FF7E020600778D2000\",\"Value\":3},{\"Key\":\"B76ADAFF40B3050050AC2000\",\"Value\":1},{\"Key\":\"3C8EDAFF03B1050069EF2000\",\"Value\":1},{\"Key\":\"0168DAFF48B4050009E42100\",\"Value\":1},{\"Key\":\"C7F1DAFF08A8050010412200\",\"Value\":1},{\"Key\":\"5DB5DAFF76B805002DAA2200\",\"Value\":1},{\"Key\":\"A911DAFF82C2050073492100\",\"Value\":1},{\"Key\":\"7AF5D9FFB6C80500F12E2100\",\"Value\":1},{\"Key\":\"CBF5D9FF25C705005A3B2100\",\"Value\":1},{\"Key\":\"E3FDD9FF45F5050078522000\",\"Value\":3},{\"Key\":\"7E74D9FF01250600C3002000\",\"Value\":3},{\"Key\":\"CFF2D8FFE349060064CA1F00\",\"Value\":3},{\"Key\":\"D274D9FF6B3406004CBC1F00\",\"Value\":3},{\"Key\":\"DB00DAFFA4B9050012132400\",\"Value\":3},{\"Key\":\"8BBBD9FF78C805007C002400\",\"Value\":1},{\"Key\":\"A9E3D9FFABBF0500E5052400\",\"Value\":1},{\"Key\":\"E8BBD9FFA7C70500D9112400\",\"Value\":1},{\"Key\":\"65AAD9FFAECA0500E1052400\",\"Value\":1},{\"Key\":\"40BFD9FFCEB90500CBC22200\",\"Value\":1},{\"Key\":\"D4E7D8FF3C4906005FD81F00\",\"Value\":1},{\"Key\":\"7B43DAFF8CB40500B5B62100\",\"Value\":1},{\"Key\":\"F914DAFF4DFF0500D40E2000\",\"Value\":1},{\"Key\":\"7927D9FF77310600D40D2000\",\"Value\":1},{\"Key\":\"0915D9FF2738060041022000\",\"Value\":1},{\"Key\":\"D51DDAFF27C00500B4572100\",\"Value\":3},{\"Key\":\"122EDAFFFABC0500F8652100\",\"Value\":3},{\"Key\":\"A243DAFF96BB0500B34C2100\",\"Value\":3},{\"Key\":\"2646DAFFA3BB05007E1F2100\",\"Value\":3},{\"Key\":\"2655DAFF42BA05006C2F2100\",\"Value\":3},{\"Key\":\"C56ADAFFFFB70500F3382100\",\"Value\":3},{\"Key\":\"2741DAFF79BC0500B92C2100\",\"Value\":3},{\"Key\":\"5830DAFFE3C4050094BE2000\",\"Value\":1},{\"Key\":\"69A4DAFF7BB30500777E2100\",\"Value\":1},{\"Key\":\"1E2FDAFFA1B50500BBAD2100\",\"Value\":3},{\"Key\":\"A0B3DAFFB6B20500019F2100\",\"Value\":3},{\"Key\":\"D155DAFF75B60500C2732100\",\"Value\":3},{\"Key\":\"C21CDAFFD5B8050015A32100\",\"Value\":3},{\"Key\":\"ADF5D9FFD7B9050037D42100\",\"Value\":3},{\"Key\":\"4608DAFFAFBE0500EF882100\",\"Value\":3},{\"Key\":\"A408DAFF25C00500717B2100\",\"Value\":3},{\"Key\":\"3341DAFF2DB60500889F2100\",\"Value\":3},{\"Key\":\"9A30DAFFC3B70500FD982100\",\"Value\":3},{\"Key\":\"8E2EDAFF38B90500FB8D2100\",\"Value\":3},{\"Key\":\"78CFD9FF66C60500E0742100\",\"Value\":1},{\"Key\":\"C7F4D9FF4AC2050087782100\",\"Value\":1},{\"Key\":\"E323D9FF15370600EFF61F00\",\"Value\":1},{\"Key\":\"A66FD9FF392C060000E51F00\",\"Value\":1},{\"Key\":\"9539D8FF8A400600E89C2000\",\"Value\":1},{\"Key\":\"954ECEFF904C0600AA721D00\",\"Value\":1},{\"Key\":\"A0FBBCFF7C980500CD0D3D00\",\"Value\":1},{\"Key\":\"0A81BDFF9AD20500EAD64C00\",\"Value\":3},{\"Key\":\"338EBDFFCAD7050029C94C00\",\"Value\":1},{\"Key\":\"F8A7BDFF57D205000DDF4C00\",\"Value\":1},{\"Key\":\"2971BCFFE3B2050002874E00\",\"Value\":1},{\"Key\":\"EF63BCFFE3B205002A824E00\",\"Value\":1},{\"Key\":\"853DBCFFE3B20500B9884E00\",\"Value\":1},{\"Key\":\"7528BCFFE3B20500F7684E00\",\"Value\":1},{\"Key\":\"9039BCFFE3B2050018584E00\",\"Value\":1},{\"Key\":\"28FFBBFFE3B205000C3C4E00\",\"Value\":1},{\"Key\":\"5C17BCFFE3B2050082244E00\",\"Value\":1},{\"Key\":\"E309BCFFE3B20500971F4E00\",\"Value\":1},{\"Key\":\"D1FFBBFFE3B2050073024E00\",\"Value\":1},{\"Key\":\"21FABBFFE3B2050005F14D00\",\"Value\":1},{\"Key\":\"D5DFBBFFE3B205006DE84D00\",\"Value\":1},{\"Key\":\"7FE5BBFFE3B2050064C84D00\",\"Value\":1},{\"Key\":\"BFE8BBFFE3B205004EC04D00\",\"Value\":1},{\"Key\":\"1E3CBCFFE3B20500201E4E00\",\"Value\":1},{\"Key\":\"157ABCFFE3B2050019F94D00\",\"Value\":1},{\"Key\":\"B98BBCFFE3B20500E7D14D00\",\"Value\":1},{\"Key\":\"B0E3BDFFE3B2050087964E00\",\"Value\":1},{\"Key\":\"46E3BDFFE3B2050065AA4E00\",\"Value\":1},{\"Key\":\"8410BEFF14B50500DEAE4E00\",\"Value\":1},{\"Key\":\"031EBEFF1DB80500E6BF4E00\",\"Value\":1},{\"Key\":\"88E3BCFFD8BA0500CF124D00\",\"Value\":1},{\"Key\":\"561BBEFF38BA050092D94E00\",\"Value\":1},{\"Key\":\"7327BCFFE3B205001EA34E00\",\"Value\":1},{\"Key\":\"C428BCFFE3B205009AB04E00\",\"Value\":1},{\"Key\":\"AD0EBCFFE3B20500F2B54E00\",\"Value\":1},{\"Key\":\"0D61BCFFE3B20500D5BD4D00\",\"Value\":1},{\"Key\":\"F962BCFFE3B20500DACC4D00\",\"Value\":1},{\"Key\":\"AF33BCFFE3B205007ACF4D00\",\"Value\":1},{\"Key\":\"1E00BCFFE3B2050010DC4D00\",\"Value\":1},{\"Key\":\"EFC3BBFFE3B20500A9E74D00\",\"Value\":1},{\"Key\":\"AB39BBFFE3B20500D56B4E00\",\"Value\":1},{\"Key\":\"5516BBFFE3B2050053D94E00\",\"Value\":1},{\"Key\":\"A026BBFFE3B205000BA44F00\",\"Value\":1},{\"Key\":\"087BBBFFE3B20500D9C14F00\",\"Value\":1},{\"Key\":\"827FBBFFE3B20500077E4F00\",\"Value\":1},{\"Key\":\"3489BBFFE3B205002D7A4F00\",\"Value\":1},{\"Key\":\"00A2BBFFE3B2050084CA4E00\",\"Value\":3},{\"Key\":\"3F81BCFFE3B205005A9A4D00\",\"Value\":1},{\"Key\":\"3362BCFFE3B205000DA04D00\",\"Value\":1},{\"Key\":\"A878B9FFB9ED050075FA4F00\",\"Value\":1},{\"Key\":\"245FB9FF8CF60500BC125000\",\"Value\":1},{\"Key\":\"6113B8FF44070600BFA55000\",\"Value\":1},{\"Key\":\"7AE0B3FFA913060002CA5400\",\"Value\":1},{\"Key\":\"88D4B3FF3B14060094D55400\",\"Value\":1},{\"Key\":\"43C8B3FFDE170600E5F75400\",\"Value\":1},{\"Key\":\"DD65B7FF44070600ABEE5000\",\"Value\":1},{\"Key\":\"A882B8FFE7050600AF0F5100\",\"Value\":1},{\"Key\":\"6766B8FFB206060032305100\",\"Value\":1},{\"Key\":\"0A34B8FF4407060039795100\",\"Value\":1},{\"Key\":\"5F11B8FF44070600357E5100\",\"Value\":1},{\"Key\":\"A512B8FF44070600FC985100\",\"Value\":1},{\"Key\":\"CDF6B7FF44070600C78A5100\",\"Value\":1},{\"Key\":\"C2F6B7FF4407060036985100\",\"Value\":1},{\"Key\":\"14A0B6FF44070600455E5100\",\"Value\":1},{\"Key\":\"259EB6FF440706003F505100\",\"Value\":1},{\"Key\":\"A3F3B7FF44070600B1BA5100\",\"Value\":1},{\"Key\":\"BED8B7FF44070600C1A55100\",\"Value\":1},{\"Key\":\"31A0B6FF44070600A5355100\",\"Value\":1},{\"Key\":\"4DD8B7FF4407060023B75100\",\"Value\":1},{\"Key\":\"617FB6FF4407060038665100\",\"Value\":1},{\"Key\":\"1EC6B7FF44070600B1D35100\",\"Value\":1},{\"Key\":\"E3BDB7FF4407060016DB5100\",\"Value\":1},{\"Key\":\"C17FB6FF4407060021475100\",\"Value\":1},{\"Key\":\"6174B6FF44070600065F5100\",\"Value\":1},{\"Key\":\"9A66B6FF44070600147B5100\",\"Value\":1},{\"Key\":\"4B8BB7FF44070600C90B5200\",\"Value\":1},{\"Key\":\"B68CB7FF4407060035275200\",\"Value\":1},{\"Key\":\"6EB8B4FF0A0A0600A4FE5200\",\"Value\":1},{\"Key\":\"A5B8B6FFCC00060058DB5200\",\"Value\":1},{\"Key\":\"4071B5FFFC0706002F315200\",\"Value\":1},{\"Key\":\"3E77B6FFF6010600A2F45200\",\"Value\":1},{\"Key\":\"0416B6FF9CF70500FDC95300\",\"Value\":1},{\"Key\":\"EFFFB5FF42FA0500A4C85300\",\"Value\":1},{\"Key\":\"D0FFB5FFC0F6050055E55300\",\"Value\":1},{\"Key\":\"A67FB4FFFE08060074C75300\",\"Value\":1},{\"Key\":\"ACD3B5FFC0F605008C145400\",\"Value\":1},{\"Key\":\"5D78B4FF6B090600E7AA5300\",\"Value\":1},{\"Key\":\"B26AB4FF6B0906006AAD5300\",\"Value\":1},{\"Key\":\"F0A8B4FFDA0A06002E235300\",\"Value\":1},{\"Key\":\"7820B4FF560C06006C485400\",\"Value\":1},{\"Key\":\"CC72B5FF18FC050041565400\",\"Value\":1},{\"Key\":\"BB63B5FF78FC050083645400\",\"Value\":1},{\"Key\":\"E32FB5FF72FF0500FC795400\",\"Value\":1},{\"Key\":\"49F1B3FF11130600AFC05400\",\"Value\":1},{\"Key\":\"3DF2B3FF2C14060056D65400\",\"Value\":1},{\"Key\":\"3225B3FF9C1C06007CFF5500\",\"Value\":1},{\"Key\":\"160FB3FF1E1D060001065600\",\"Value\":1},{\"Key\":\"6209B3FF491D06009B135600\",\"Value\":1},{\"Key\":\"54F6B2FF871D06005B0E5600\",\"Value\":1},{\"Key\":\"16D2B2FF871D060062205600\",\"Value\":1},{\"Key\":\"A6DDB2FF871D0600CD3E5600\",\"Value\":1},{\"Key\":\"50C5B2FF871D06000A3B5600\",\"Value\":1},{\"Key\":\"78BFB2FF871D060003485600\",\"Value\":1},{\"Key\":\"EE7BB2FFF61E0600746E5600\",\"Value\":1},{\"Key\":\"E0EBB0FF0F120600CD6E5600\",\"Value\":1},{\"Key\":\"58A5B1FF9F1906006A7C5600\",\"Value\":1},{\"Key\":\"B1B0B0FF1A11060017915600\",\"Value\":1},{\"Key\":\"3978B0FF060B06001B925600\",\"Value\":1},{\"Key\":\"2B6AB0FF260A0600DE965600\",\"Value\":1},{\"Key\":\"2C6AB0FFEF0C0600D8AF5600\",\"Value\":1},{\"Key\":\"DE45B0FF50080600839D5600\",\"Value\":1},{\"Key\":\"5B10B0FF0E040600D99D5600\",\"Value\":1},{\"Key\":\"F0FAAFFFA0030600E9A45600\",\"Value\":1},{\"Key\":\"BAE6AFFF630606007DC65600\",\"Value\":1},{\"Key\":\"EE0EB0FF0713060020195700\",\"Value\":1},{\"Key\":\"F2CAAFFF510606009DDC5600\",\"Value\":1},{\"Key\":\"F3BCAFFF4C03060083CD5600\",\"Value\":1},{\"Key\":\"2DA4AFFF1FFA050057905600\",\"Value\":1},{\"Key\":\"A1ADAFFFE7FC05003DA55600\",\"Value\":1},{\"Key\":\"E999AFFF2BFA05000A9C5600\",\"Value\":1},{\"Key\":\"A49FAFFF4403060080EA5600\",\"Value\":1},{\"Key\":\"79A2AFFFF90006004BCF5600\",\"Value\":1},{\"Key\":\"9D75ADFFA2D6050062CE5600\",\"Value\":1},{\"Key\":\"ED5AAFFF2A01060096095700\",\"Value\":1},{\"Key\":\"F221AFFFA7F105009B9C5600\",\"Value\":1},{\"Key\":\"9F19AFFFB5F00500968F5600\",\"Value\":1},{\"Key\":\"2360B0FFF905060083785600\",\"Value\":1},{\"Key\":\"D802B0FFE2FD05009C6C5600\",\"Value\":1},{\"Key\":\"9B99AEFF7CE505007B885600\",\"Value\":1},{\"Key\":\"9BC9ADFF39D60500C54A5600\",\"Value\":1},{\"Key\":\"BD96AEFFE2F205002BF05600\",\"Value\":1},{\"Key\":\"868BAEFFE1F0050003E55600\",\"Value\":1},{\"Key\":\"E8C7ADFF24D605007A305600\",\"Value\":1},{\"Key\":\"7FAFAFFF89F6050039685600\",\"Value\":1},{\"Key\":\"1C9BAFFFC4F4050038645600\",\"Value\":1},{\"Key\":\"7792ADFF1ADA05006FCD5600\",\"Value\":1},{\"Key\":\"8790ADFF13DD05008DE85600\",\"Value\":1},{\"Key\":\"0D79ADFF0ECC050073645600\",\"Value\":1},{\"Key\":\"C808AEFF6FD60500162B5600\",\"Value\":1},{\"Key\":\"3AD5ADFF60E30500C3E75600\",\"Value\":1},{\"Key\":\"B85FADFFC9D005003BB15600\",\"Value\":1},{\"Key\":\"BE54ADFF24CF0500C9AF5600\",\"Value\":1},{\"Key\":\"FE4EADFFDBC30500183D5600\",\"Value\":1},{\"Key\":\"F086AEFF1FDE050030715600\",\"Value\":3},{\"Key\":\"036AAEFF49D805001B6B5600\",\"Value\":3},{\"Key\":\"D2FBADFF6FD60500A4025600\",\"Value\":1},{\"Key\":\"7940AEFF6FD60500A3595600\",\"Value\":1},{\"Key\":\"4DEEADFF6FD6050009F65500\",\"Value\":1},{\"Key\":\"A88DADFFE3CB0500FDC65500\",\"Value\":1},{\"Key\":\"8D89ADFFBCC9050066B15500\",\"Value\":1},{\"Key\":\"9D78ADFF9FC4050036AD5500\",\"Value\":1},{\"Key\":\"FE68ADFF44C10500AFBB5500\",\"Value\":1},{\"Key\":\"CF55ADFFE9BD050019BA5500\",\"Value\":1},{\"Key\":\"A025ADFFEEB8050053DF5500\",\"Value\":1},{\"Key\":\"E115ADFFD3B80500FCF95500\",\"Value\":1},{\"Key\":\"9509ADFFEBB80500150F5600\",\"Value\":1},{\"Key\":\"D704ADFFECB8050024235600\",\"Value\":1},{\"Key\":\"5736ADFFD8BE050070185600\",\"Value\":1},{\"Key\":\"6436ADFF1CB9050023AE5500\",\"Value\":1},{\"Key\":\"331EADFF09B605006AB15500\",\"Value\":1},{\"Key\":\"8524ADFFC3B5050057975500\",\"Value\":1},{\"Key\":\"F30FAEFF6FD60500CA5A5600\",\"Value\":1},{\"Key\":\"BFEFADFF6FD605006B645600\",\"Value\":1},{\"Key\":\"D3E4ADFF6FD6050072575600\",\"Value\":1},{\"Key\":\"CDA4ADFFCAD305007D7D5600\",\"Value\":1},{\"Key\":\"D857ADFF82C30500E3215600\",\"Value\":1},{\"Key\":\"269DADFF8DD1050076455600\",\"Value\":1},{\"Key\":\"C654AEFF6FD605000F595600\",\"Value\":1},{\"Key\":\"B290AFFF1D0D0600CD525700\",\"Value\":1},{\"Key\":\"0EFAAFFF4F260600F0165800\",\"Value\":1},{\"Key\":\"22F8AFFF882906002D405800\",\"Value\":1},{\"Key\":\"FBD9AFFFB5280600B3485800\",\"Value\":1},{\"Key\":\"CBA6AFFF172C0600DE955800\",\"Value\":1},{\"Key\":\"46A2AFFF66290600CF755800\",\"Value\":1},{\"Key\":\"7459AFFFEE2A060090EA5800\",\"Value\":1},{\"Key\":\"694FAFFFF028060044E25800\",\"Value\":1},{\"Key\":\"5B3CAFFF4E2A06007D065900\",\"Value\":1},{\"Key\":\"1E2DAFFFBD290600232B5900\",\"Value\":1},{\"Key\":\"ECB0AFFFCA380600A5995A00\",\"Value\":1},{\"Key\":\"C059AFFF423106006BDF5900\",\"Value\":1},{\"Key\":\"6474AFFFD4340600AEE85900\",\"Value\":1},{\"Key\":\"4078AFFFCA340600FB0A5A00\",\"Value\":1},{\"Key\":\"6153AFFF4A3106003FB35900\",\"Value\":1},{\"Key\":\"46D5AFFF163C06005CD55A00\",\"Value\":1},{\"Key\":\"BB79AFFF853406002E205A00\",\"Value\":1},{\"Key\":\"5B41B3FFD7CC05007E6F5D00\",\"Value\":3},{\"Key\":\"B74AB3FF1EBD0500D6B05D00\",\"Value\":1},{\"Key\":\"0764B3FF9E800500B88E5E00\",\"Value\":1},{\"Key\":\"8DA0B3FF85610500D5DB5E00\",\"Value\":1},{\"Key\":\"F5FDB3FF7F2F050099445F00\",\"Value\":1},{\"Key\":\"5702B4FFED2C050065525F00\",\"Value\":1},{\"Key\":\"6AC8B4FFEEF60400DA0C6000\",\"Value\":1},{\"Key\":\"8C09B5FF8FD804009D286000\",\"Value\":1},{\"Key\":\"244FB5FFC9BB040068836000\",\"Value\":1},{\"Key\":\"5622B6FF51500400D4616000\",\"Value\":1},{\"Key\":\"643BB6FFCA45040077696000\",\"Value\":1},{\"Key\":\"4128B8FFAA6F0300AF9F6000\",\"Value\":1},{\"Key\":\"DA34B8FF936D0300EBAD6000\",\"Value\":1},{\"Key\":\"8439B8FFED6D0300F1BE6000\",\"Value\":1},{\"Key\":\"E6DAB8FF82320300C9796100\",\"Value\":1},{\"Key\":\"2E6DBBFF3B4D020099226200\",\"Value\":1},{\"Key\":\"936EBBFF98490200A4316200\",\"Value\":1},{\"Key\":\"CE76BBFF3446020063436200\",\"Value\":1},{\"Key\":\"1A7EBBFF38470200FB3A6200\",\"Value\":1},{\"Key\":\"28E3BBFFFD3D020037D06300\",\"Value\":3},{\"Key\":\"38C1BBFF133C0200BEDC6300\",\"Value\":3},{\"Key\":\"9EDDBBFF873302008F026400\",\"Value\":2},{\"Key\":\"B9F2BBFFA0420200B3C66200\",\"Value\":2},{\"Key\":\"E7F5BBFFE74102006DE66200\",\"Value\":2},{\"Key\":\"1624BCFF21410200A2A56300\",\"Value\":2},{\"Key\":\"AA2DBCFF34370200A2026400\",\"Value\":2},{\"Key\":\"A7C5BAFF504902006EE96300\",\"Value\":2},{\"Key\":\"B2E6BAFF24490200D0E06300\",\"Value\":2},{\"Key\":\"EB3BBBFFF53F02008ADA6300\",\"Value\":2},{\"Key\":\"2862BBFFAC2E0200194B6400\",\"Value\":2},{\"Key\":\"29A5BBFFAD2A0200E4256400\",\"Value\":2},{\"Key\":\"69E6BBFF4719020083566400\",\"Value\":2},{\"Key\":\"66C1BBFF87EC010079F16400\",\"Value\":1},{\"Key\":\"D901BCFF0AA30100DEBF6500\",\"Value\":3},{\"Key\":\"FDA3BBFFB1F2010049DB6400\",\"Value\":1},{\"Key\":\"5B9DBBFF50E0010008476500\",\"Value\":3},{\"Key\":\"DED9BBFF87C50100877A6500\",\"Value\":1},{\"Key\":\"93ECBBFFD4C30100C47E6500\",\"Value\":1},{\"Key\":\"E3EDBBFF7A000200C8A66400\",\"Value\":1},{\"Key\":\"17EBBBFF9DFD010055B06400\",\"Value\":1},{\"Key\":\"9FEEBBFF7DBC0100588A6500\",\"Value\":1},{\"Key\":\"F7E9BBFF1BF4010000D16400\",\"Value\":1},{\"Key\":\"F8FBBBFFEF800100301C6600\",\"Value\":1},{\"Key\":\"DEC4BBFFD67B01005B2A6600\",\"Value\":1},{\"Key\":\"FFD1BBFF0772010075476600\",\"Value\":1},{\"Key\":\"15E0BBFF5BE80100D50B6500\",\"Value\":1},{\"Key\":\"E5EABBFF476C01003B596600\",\"Value\":1},{\"Key\":\"94E0BBFFDE68010060646600\",\"Value\":1},{\"Key\":\"57F6BBFF16E701006E266500\",\"Value\":1},{\"Key\":\"79E2BBFF15E70100FE1C6500\",\"Value\":1},{\"Key\":\"08E7BBFF8DE501006F306500\",\"Value\":1},{\"Key\":\"32E9BBFFEAD80100775B6500\",\"Value\":1},{\"Key\":\"2BEFBBFF837501004E3C6600\",\"Value\":1},{\"Key\":\"31D7BBFF25A101001CBF6500\",\"Value\":1},{\"Key\":\"7CCABAFF924E010090AB6700\",\"Value\":1},{\"Key\":\"31C0BAFFC64E0100CDAC6700\",\"Value\":1},{\"Key\":\"B99FBAFFE81B010006CB6800\",\"Value\":1},{\"Key\":\"61AEBAFFC81B0100ABB86800\",\"Value\":1},{\"Key\":\"DE00BBFF1310010007966800\",\"Value\":1},{\"Key\":\"AF35BBFF15150100E3666800\",\"Value\":1},{\"Key\":\"926EBBFF11260100AFF46700\",\"Value\":1},{\"Key\":\"977BBAFFEA36010045596800\",\"Value\":1},{\"Key\":\"7391BAFF50FE0000AE9F6900\",\"Value\":1},{\"Key\":\"D888BAFF93000100B6946900\",\"Value\":1},{\"Key\":\"0B74BAFF96060100307B6900\",\"Value\":1},{\"Key\":\"4C72BAFF9605010013836900\",\"Value\":1},{\"Key\":\"4360BAFFFC0B0100F96B6900\",\"Value\":1},{\"Key\":\"644DBAFFEB0901006E896900\",\"Value\":1},{\"Key\":\"F58FBAFF20F800003DF26900\",\"Value\":1},{\"Key\":\"388EBAFFE5FB00006DCD6900\",\"Value\":1},{\"Key\":\"1B89BAFF8CFD000062BC6900\",\"Value\":1},{\"Key\":\"7275BAFFA0FE0000A7DA6900\",\"Value\":1},{\"Key\":\"FC81BAFF52FD00006FBC6900\",\"Value\":1},{\"Key\":\"885EBAFF7F0301002FA66900\",\"Value\":1},{\"Key\":\"1E54BAFF2D0601001D9B6900\",\"Value\":1},{\"Key\":\"0157BAFF6611010053576900\",\"Value\":1},{\"Key\":\"7F3BBAFF51150100E45B6900\",\"Value\":1},{\"Key\":\"C94BBAFFC916010059456900\",\"Value\":1},{\"Key\":\"E767BAFF24190100211B6900\",\"Value\":1},{\"Key\":\"168DBBFF8FE40000D9FF6900\",\"Value\":1},{\"Key\":\"9B84BAFFA0F0000000166B00\",\"Value\":1},{\"Key\":\"5980AFFFCEEF00004DA06C00\",\"Value\":1},{\"Key\":\"43AA9BFF630E01006E496000\",\"Value\":3},{\"Key\":\"D2709BFFFC0C010006F35F00\",\"Value\":3},{\"Key\":\"D6569BFF940B010057925F00\",\"Value\":3},{\"Key\":\"883D91FF77E3000050ED4400\",\"Value\":1},{\"Key\":\"CF5291FFD6FC0000C7C03F00\",\"Value\":1},{\"Key\":\"A75491FF680201004AA73F00\",\"Value\":1},{\"Key\":\"654E91FF9A080100A2683F00\",\"Value\":1},{\"Key\":\"6E4891FF620801002B583F00\",\"Value\":1},{\"Key\":\"BA5A91FFE409010054463F00\",\"Value\":1},{\"Key\":\"294B91FF6B0801009E293F00\",\"Value\":1},{\"Key\":\"696691FFC80B0100EC1E3F00\",\"Value\":1},{\"Key\":\"385A91FFFE090100D0113F00\",\"Value\":1},{\"Key\":\"455291FF4F08010070023F00\",\"Value\":1},{\"Key\":\"586691FF4C0A0100ADF83E00\",\"Value\":1},{\"Key\":\"6F6091FFC0080100E7F03E00\",\"Value\":1},{\"Key\":\"F55F91FF93050100C4DD3E00\",\"Value\":1},{\"Key\":\"F26591FF9D020100A5C83E00\",\"Value\":1},{\"Key\":\"EB5591FF4B020100C8B33E00\",\"Value\":1},{\"Key\":\"FC4597FF84F000006A823800\",\"Value\":1},{\"Key\":\"F97297FFB2EE000083513800\",\"Value\":1},{\"Key\":\"593897FFF6FD0000BBCD3800\",\"Value\":1},{\"Key\":\"454497FF5FFF000065C03800\",\"Value\":1},{\"Key\":\"967197FF71130100D1C03800\",\"Value\":1},{\"Key\":\"1B8497FF9716010049B73800\",\"Value\":1},{\"Key\":\"E58997FFBC1201001DA73800\",\"Value\":1},{\"Key\":\"A48097FF290B0100AD9A3800\",\"Value\":1},{\"Key\":\"A28D97FF7B1001006F9E3800\",\"Value\":1},{\"Key\":\"2F9297FFD119010049B33800\",\"Value\":1},{\"Key\":\"41AC97FFA2080100B7753800\",\"Value\":1},{\"Key\":\"B4CD97FF9D080100F0613800\",\"Value\":1},{\"Key\":\"D4BB97FFDFFE000034533800\",\"Value\":1},{\"Key\":\"29BE97FFFCF80000E83F3800\",\"Value\":1},{\"Key\":\"3FE197FF27FD00000E273800\",\"Value\":1},{\"Key\":\"35E397FF6400010014313800\",\"Value\":1},{\"Key\":\"A3EA97FF39FE00005A1D3800\",\"Value\":1},{\"Key\":\"42EC97FF4CFD000007143800\",\"Value\":1},{\"Key\":\"0EFD97FF2302010070003800\",\"Value\":1},{\"Key\":\"AFB09AFF57FD00007D9B3500\",\"Value\":1},{\"Key\":\"D0629BFF59FA00004C3C3500\",\"Value\":1},{\"Key\":\"09E39AFFE505010030A33500\",\"Value\":1},{\"Key\":\"B90D9BFF35090100B99F3500\",\"Value\":1},{\"Key\":\"1A549DFFCDEE00000B023100\",\"Value\":1},{\"Key\":\"3B1D9DFFBCF600009A8E3000\",\"Value\":1},{\"Key\":\"18129DFFE6F90000AC593000\",\"Value\":1},{\"Key\":\"9B079DFF311801003E312D00\",\"Value\":1},{\"Key\":\"8B099DFF0B150100CC162D00\",\"Value\":1},{\"Key\":\"C3389DFFE111010089D22C00\",\"Value\":1},{\"Key\":\"D779AAFF1415010046512200\",\"Value\":1},{\"Key\":\"364CAAFF481301002A262200\",\"Value\":1},{\"Key\":\"6B2FAAFF401301005F002200\",\"Value\":1},{\"Key\":\"CB0FAAFF9211010046E02100\",\"Value\":1},{\"Key\":\"05DC9BFF5AE900002ECC1A00\",\"Value\":1},{\"Key\":\"B7079CFFB6E9000091C01A00\",\"Value\":1},{\"Key\":\"5E099CFF16E9000011D91A00\",\"Value\":1},{\"Key\":\"EF149CFF4AE4000020C41B00\",\"Value\":1},{\"Key\":\"28249BFFCFE5000027621D00\",\"Value\":3}],\"SerializedName\":\"WorldObjectLocatorManager\",\"UniqueFile\":true}"}}