{"Version":"0.0.0","Data":{"PlayerState":"{\"_entries\":[{\"Name\":\"seenFirstTimeEquip_00000486\",\"BoolValue\":true},{\"Name\":\"isNewItemInInventory_00000483\"},{\"Name\":\"crafted.00000379\",\"SettingType\":1,\"IntValue\":1},{\"Name\":\"crafted.00000412\",\"SettingType\":1,\"IntValue\":1},{\"Name\":\"crafted.00000413\",\"SettingType\":1,\"IntValue\":1},{\"Name\":\"crafted.00000589\",\"SettingType\":1,\"IntValue\":1},{\"Name\":\"isNewCraftingRecipe_StartingEmergencyPackRecipe\"},{\"Name\":\"seenFirstTimeEquip_00000379\",\"BoolValue\":true},{\"Name\":\"consumed.00000436\",\"SettingType\":1,\"IntValue\":1},{\"Name\":\"ShowMissingTacticalsTutorial\"},{\"Name\":\"ShowMissingPufftonsTutorial\"},{\"Name\":\"seenFirstTimeEquip_00000412\",\"BoolValue\":true},{\"Name\":\"isNewCraftingRecipeTutorial_CraftedSpearRecipe\"},{\"Name\":\"isNewCraftingRecipeTutorial_CraftedAxeRecipe\"},{\"Name\":\"isNewCraftingRecipeTutorial_CraftedBowRecipe\"},{\"Name\":\"isNewItemInInventory_00000379\"},{\"Name\":\"InventoryLightsActive\"},{\"Name\":\"seenFirstTimeEquip_00000589\",\"BoolValue\":true},{\"Name\":\"TutorialBookPageIndex\",\"SettingType\":1,\"IntValue\":1},{\"Name\":\"isNewItemInInventory_00000419\"},{\"Name\":\"isNewItemInInventory_00000420\"},{\"Name\":\"isNewItemInInventory_00000369\"},{\"Name\":\"isNewItemInInventory_00000363\"},{\"Name\":\"isNewItemInInventory_00000413\"},{\"Name\":\"isNewItemInInventory_00000589\"},{\"Name\":\"isNewItemInInventory_00000364\"},{\"Name\":\"isNewItemInInventory_00000402\"},{\"Name\":\"isNewItemInInventory_00000412\"},{\"Name\":\"isNewItemInInventory_00000441\"},{\"Name\":\"isNewItemInInventory_00000476\"},{\"Name\":\"isNewItemInInventory_00000393\"},{\"Name\":\"isNewItemInInventory_00000392\"},{\"Name\":\"isNewItemInInventory_00000495\"},{\"Name\":\"isNewItemInInventory_00000446\"},{\"Name\":\"isNewItemInInventory_00000445\"},{\"Name\":\"isNewItemInInventory_00000414\"},{\"Name\":\"isNewItemInInventory_00000529\"},{\"Name\":\"isNewItemInInventory_00000437\"},{\"Name\":\"isNewItemInInventory_00000486\"},{\"Name\":\"isNewItemInInventory_00000403\"},{\"Name\":\"isNewItemInInventory_00000471\"},{\"Name\":\"consumed.00000441\",\"SettingType\":1,\"IntValue\":3},{\"Name\":\"isNewItemInInventory_00000447\"},{\"Name\":\"consumed.00000447\",\"SettingType\":1,\"IntValue\":2},{\"Name\":\"isNewItemInInventory_00000380\"},{\"Name\":\"isNewItemInInventory_00000433\"},{\"Name\":\"consumed.00000433\",\"SettingType\":1,\"IntValue\":8},{\"Name\":\"isNewItemInInventory_00000651\"},{\"Name\":\"consumed.00000437\",\"SettingType\":1,\"IntValue\":1},{\"Name\":\"SCREWBookLastUsed\",\"BoolValue\":true},{\"Name\":\"BlueprintBookPageIndex\",\"SettingType\":1,\"IntValue\":20},{\"Name\":\"isNewItemInInventory_00000508\"},{\"Name\":\"crafted.00000418\",\"SettingType\":1,\"IntValue\":1},{\"Name\":\"crafted.00000419\",\"SettingType\":1,\"IntValue\":1},{\"Name\":\"isNewCraftingRecipe_LootPouchRecipe\"},{\"Name\":\"isNewCraftingRecipeTutorial_CraftedArrowsRecipe\"},{\"Name\":\"isNewItemInInventory_00000479\"},{\"Name\":\"isNewItemInInventory_00000418\"},{\"Name\":\"isNewItemInInventory_00000599\"},{\"Name\":\"isNewItemInInventory_00000400\"},{\"Name\":\"Strength\",\"SettingType\":2,\"FloatValue\":2.650152},{\"Name\":\"StrengthLevel\",\"SettingType\":1,\"IntValue\":9},{\"Name\":\"CurrentStrength\",\"SettingType\":2,\"FloatValue\":126.740723},{\"Name\":\"RequiredCurrentStrengthPerLevel\",\"SettingType\":2,\"FloatValue\":4782.39453},{\"Name\":\"MaxHealth\",\"SettingType\":2,\"FloatValue\":116.0},{\"Name\":\"CurrentHealth\",\"SettingType\":2,\"FloatValue\":70.0},{\"Name\":\"TargetHealth\",\"SettingType\":2,\"FloatValue\":70.0},{\"Name\":\"Hydration\",\"SettingType\":2,\"FloatValue\":31.4214134},{\"Name\":\"Fullness\",\"SettingType\":2,\"FloatValue\":34.270874},{\"Name\":\"Rest\",\"SettingType\":2,\"FloatValue\":69.00645},{\"Name\":\"Stamina\",\"SettingType\":2,\"FloatValue\":51.5531425},{\"Name\":\"HydrationBuff\",\"SettingType\":2,\"FloatValue\":-5.0337553},{\"Name\":\"FullnessBuff\",\"SettingType\":2,\"FloatValue\":-5.09155369},{\"Name\":\"RestBuff\",\"SettingType\":2,\"FloatValue\":0.06666928},{\"Name\":\"CookingBuffTimeRemaining\",\"SettingType\":2},{\"Name\":\"CookingBuffRecipe\",\"SettingType\":1,\"IntValue\":-1},{\"Name\":\"player.position\",\"SettingType\":4,\"FloatArrayValue\":[-596.258545,93.71307,573.9439]},{\"Name\":\"player.rotation\",\"SettingType\":4,\"FloatArrayValue\":[-2.02089723E-09,-0.9958487,3.16649675E-08,0.0910247]},{\"Name\":\"player.areaMask\",\"SettingType\":1},{\"Name\":\"isNewItemInInventory_00000356\"},{\"Name\":\"isNewItemInInventory_00000440\"},{\"Name\":\"isNewItemInInventory_00000438\"},{\"Name\":\"isNewItemInInventory_00000439\"},{\"Name\":\"isNewCraftingRecipeTutorial_FlashlightRechargeRecipe\"},{\"Name\":\"isNewItemInInventory_00000390\"},{\"Name\":\"isNewItemInInventory_00000517\"},{\"Name\":\"isNewItemInInventory_00000504\"},{\"Name\":\"consumed.00000439\",\"SettingType\":1,\"IntValue\":3},{\"Name\":\"isNewCraftingRecipeTutorial_BoneArmourRecipe\"},{\"Name\":\"HasDismountedFromKnightVBefore\",\"BoolValue\":true},{\"Name\":\"hasOwned_00000490\",\"BoolValue\":true},{\"Name\":\"isNewCraftingRecipeTutorial_DeerHideArmourRecipe\"},{\"Name\":\"isNewCraftingRecipeTutorial_LeafArmourRecipe\"},{\"Name\":\"isNewCraftingRecipeTutorial_MolotovRecipe\"},{\"Name\":\"isNewCraftingRecipeTutorial_TorchRecipe\"},{\"Name\":\"consumed.00000438\",\"SettingType\":1,\"IntValue\":1},{\"Name\":\"hasOwned_00000558\",\"BoolValue\":true},{\"Name\":\"isNewItemInInventory_00000416\"},{\"Name\":\"isNewItemInInventory_00000527\"},{\"Name\":\"isNewItemInInventory_00000421\"},{\"Name\":\"isNewItemInInventory_00000523\"},{\"Name\":\"isNewItemInInventory_00000405\"},{\"Name\":\"isNewItemInInventory_00000490\"},{\"Name\":\"hasOwned_00000495\",\"BoolValue\":true},{\"Name\":\"isNewCraftingRecipeTutorial_TimeBombRecipe\"},{\"Name\":\"consumed.00000401\",\"SettingType\":1,\"IntValue\":1},{\"Name\":\"seenFirstTimeEquip_00000413\",\"BoolValue\":true},{\"Name\":\"isNewItemInInventory_00000482\"},{\"Name\":\"isNewCraftingRecipeTutorial_CraftedClubRecipe\"},{\"Name\":\"isNewItemInInventory_00000502\"}],\"NamedInts\":[{\"SaveObjectNameId\":\"BunkerLuxury.Cutscene.MutantBossIntro\"}]}"}}