{"Version":"0.0.0","Data":{"ScrewStructureInstances":"{\"_structures\":[{\"Id\":29,\"Pos\":{\"x\":-605.579834,\"y\":94.22619,\"z\":578.231445},\"Rot\":{\"x\":0.0183694642,\"y\":0.6288772,\"z\":-0.00745003251,\"w\":-0.777251959},\"Storages\":[{\"Version\":\"0.0.0\",\"ItemBlocks\":[{\"ItemId\":392,\"TotalCount\":36,\"UniqueItems\":[]}]}]},{\"Id\":31,\"Pos\":{\"x\":-605.4669,\"y\":94.26564,\"z\":579.3068},\"Rot\":{\"x\":-0.008053193,\"y\":0.7070088,\"z\":-0.0173189789,\"w\":0.7069468},\"Storages\":[{\"Version\":\"0.0.0\",\"ItemBlocks\":[{\"ItemId\":393,\"TotalCount\":17,\"UniqueItems\":[]}]}]},{\"Id\":27,\"Pos\":{\"x\":-607.6189,\"y\":94.27637,\"z\":579.0373},\"Rot\":{\"x\":0.0178327486,\"y\":0.6288777,\"z\":-0.008562401,\"w\":-0.777252555},\"Storages\":[{\"Version\":\"0.0.0\",\"ItemBlocks\":[{\"ItemId\":433,\"TotalCount\":5,\"UniqueItems\":[{\"Modules\":[{\"CurrentState\":4,\"TimeRemainingInState\":172800.0,\"PauseDecay\":true,\"Version\":\"0.0.0\",\"ModuleId\":3}]},{\"Modules\":[{\"CurrentState\":1,\"TimeRemainingInState\":14213.1025,\"PauseDecay\":true,\"Version\":\"0.0.0\",\"ModuleId\":3}]},{\"Modules\":[{\"CurrentState\":1,\"TimeRemainingInState\":14139.2969,\"PauseDecay\":true,\"Version\":\"0.0.0\",\"ModuleId\":3}]},{\"Modules\":[{\"CurrentState\":1,\"TimeRemainingInState\":14100.292,\"PauseDecay\":true,\"Version\":\"0.0.0\",\"ModuleId\":3}]},{\"Modules\":[{\"CurrentState\":1,\"TimeRemainingInState\":14065.543,\"PauseDecay\":true,\"Version\":\"0.0.0\",\"ModuleId\":3}]}]},{\"ItemId\":481,\"TotalCount\":1,\"UniqueItems\":[{\"Modules\":[{\"Version\":\"0.0.0\"},{\"SourceActorType\":13,\"Version\":\"0.0.0\",\"ModuleId\":1},{\"CurrentState\":4,\"TimeRemainingInState\":172800.0,\"PauseDecay\":true,\"Version\":\"0.0.0\",\"ModuleId\":3}]}]}]}]},{\"Id\":56,\"Pos\":{\"x\":-607.421753,\"y\":93.9131851,\"z\":576.81604},\"Rot\":{\"x\":-0.0177289229,\"y\":0.6288221,\"z\":0.0159352012,\"w\":-0.7771838},\"Storages\":[]},{\"Id\":58,\"Pos\":{\"x\":-608.728149,\"y\":93.6352158,\"z\":568.8},\"Rot\":{\"x\":0.0138038006,\"y\":-0.639089465,\"z\":0.0458801463,\"w\":-0.7676387},\"Storages\":[{\"Version\":\"0.0.0\",\"ItemBlocks\":[{\"ItemId\":78,\"TotalCount\":8,\"UniqueItems\":[]}]},{\"Version\":\"0.0.0\",\"ItemBlocks\":[]},{\"Version\":\"0.0.0\",\"ItemBlocks\":[]},{\"Version\":\"0.0.0\",\"ItemBlocks\":[]},{\"Version\":\"0.0.0\",\"ItemBlocks\":[]},{\"Version\":\"0.0.0\",\"ItemBlocks\":[]},{\"Version\":\"0.0.0\",\"ItemBlocks\":[{\"ItemId\":405,\"TotalCount\":2,\"UniqueItems\":[]}]},{\"Version\":\"0.0.0\",\"ItemBlocks\":[]},{\"Version\":\"0.0.0\",\"ItemBlocks\":[]},{\"Version\":\"0.0.0\",\"ItemBlocks\":[]},{\"Version\":\"0.0.0\",\"ItemBlocks\":[]}]},{\"Id\":31,\"Pos\":{\"x\":-604.8102,\"y\":94.1653442,\"z\":577.212646},\"Rot\":{\"x\":0.03175886,\"y\":0.836601,\"z\":-0.0312134977,\"w\":-0.5459999},\"Storages\":[{\"Version\":\"0.0.0\",\"ItemBlocks\":[{\"ItemId\":393,\"TotalCount\":17,\"UniqueItems\":[]}]}]},{\"Id\":31,\"Pos\":{\"x\":-604.2793,\"y\":93.9919052,\"z\":576.0101},\"Rot\":{\"x\":0.0135320844,\"y\":-0.560468435,\"z\":0.05520392,\"w\":-0.826223135},\"Storages\":[{\"Version\":\"0.0.0\",\"ItemBlocks\":[{\"ItemId\":393,\"TotalCount\":17,\"UniqueItems\":[]}]}]}]}"}}