{"Version":"0.0.0","Data":{"StructureDestruction":"{\"Version\":\"0.0.0\",\"Data\":[{\"TypeID\":8,\"InstanceID\":5,\"Info\":{\"Health\":949.0,\"MaxHealth\":1005.0,\"ElementCount\":5,\"MaxElements\":5,\"BreakCount\":3.75,\"CanBreakTopElement\":true}},{\"TypeID\":8,\"InstanceID\":1,\"Info\":{\"Health\":688.0,\"MaxHealth\":780.0,\"ElementCount\":5,\"MaxElements\":5,\"BreakCount\":3.75,\"CanBreakTopElement\":true}},{\"TypeID\":8,\"InstanceID\":2,\"Info\":{\"Health\":273.0,\"MaxHealth\":780.0,\"ElementCount\":5,\"MaxElements\":5,\"BreakCount\":3.75,\"CanBreakTopElement\":true}},{\"TypeID\":2,\"InstanceID\":14,\"Info\":{\"Health\":36.0,\"MaxHealth\":60.0,\"ElementCount\":1,\"MaxElements\":1,\"BreakCount\":0.75,\"CanBreakTopElement\":true}}]}"}}