{"Version":"0.0.0","Data":{"WorldObjectLocatorManager":"{\"Version\":\"0.0.0\",\"SerializedStates\":[{\"Key\":\"6ED7E3FF560A0D009AC80E00\",\"Value\":3},{\"Key\":\"6AC1E3FF59F30C00B2AC0E00\",\"Value\":3},{\"Key\":\"55ADE3FF74F10C00C9C50E00\",\"Value\":3},{\"Key\":\"46AAE3FF47E80C0000B20E00\",\"Value\":3},{\"Key\":\"7283E3FF10D30C00FABC0E00\",\"Value\":3},{\"Key\":\"A574E3FFA7C00C00FA970E00\",\"Value\":3},{\"Key\":\"9077E3FFB4C50C007FA60E00\",\"Value\":3},{\"Key\":\"C5B9DBFF0AA90500E3BE2200\",\"Value\":3},{\"Key\":\"71A4DBFF5EA90500F8AD2200\",\"Value\":3},{\"Key\":\"CAB4DBFFBCA205009EAE2200\",\"Value\":3},{\"Key\":\"007CDBFFAAAB0500CC112300\",\"Value\":1},{\"Key\":\"35FBDBFF7AB50500E6212300\",\"Value\":1},{\"Key\":\"C246DBFFECB00500780F2300\",\"Value\":3},{\"Key\":\"FD5ADBFF02A40500F5892300\",\"Value\":1},{\"Key\":\"1C67DBFFB5AB05003F2C2300\",\"Value\":3},{\"Key\":\"1B67DBFF27AB0500B3192300\",\"Value\":3},{\"Key\":\"C47BDBFF13A6050014302300\",\"Value\":3},{\"Key\":\"5074DBFF11A8050035212300\",\"Value\":3},{\"Key\":\"A085DBFF0AA7050085262300\",\"Value\":3},{\"Key\":\"A085DBFF83A90500F81C2300\",\"Value\":3},{\"Key\":\"376EDBFF6DAC05002A0C2300\",\"Value\":3},{\"Key\":\"9D2FDBFFFCA0050053E92300\",\"Value\":1},{\"Key\":\"E3C6DAFF18BF0500CB792300\",\"Value\":3},{\"Key\":\"BD7BDAFFFDBA0500E3172300\",\"Value\":3},{\"Key\":\"6F55DAFF37C1050054512300\",\"Value\":3},{\"Key\":\"4356DAFF41C10500443D2300\",\"Value\":3},{\"Key\":\"4B67DAFF0BBF0500B22F2300\",\"Value\":3},{\"Key\":\"D480DAFFE4B9050030932300\",\"Value\":3},{\"Key\":\"110ADAFF61B9050021062400\",\"Value\":1},{\"Key\":\"D4E1D9FF25BB0500AA352200\",\"Value\":1},{\"Key\":\"A87ADAFF30C005002F402300\",\"Value\":3},{\"Key\":\"EF41DAFFB8C00500D82B2300\",\"Value\":1},{\"Key\":\"DABAD9FF25BB0500CA8C2200\",\"Value\":3},{\"Key\":\"5B2EDAFFB7BF05002E1E2300\",\"Value\":1},{\"Key\":\"3755DAFFF1BB05001A7F2300\",\"Value\":3},{\"Key\":\"E02FDAFF49BB050029F12200\",\"Value\":1},{\"Key\":\"3743DAFF2DBB0500E6F02200\",\"Value\":1},{\"Key\":\"7141DAFF54C2050028532300\",\"Value\":3},{\"Key\":\"9354DAFF25BB0500430B2300\",\"Value\":3},{\"Key\":\"0B55DAFF25BB05008BF22200\",\"Value\":1},{\"Key\":\"4567DAFF25BB0500E5082300\",\"Value\":3},{\"Key\":\"193DDAFFFEB80500E7D72300\",\"Value\":3},{\"Key\":\"C8F4D9FF4BBC050064012400\",\"Value\":1},{\"Key\":\"D42EDAFFFEB80500B7EA2300\",\"Value\":1},{\"Key\":\"DB32DAFFFEB80500AA072400\",\"Value\":1},{\"Key\":\"75A6D9FF4CD1050017BD2400\",\"Value\":1},{\"Key\":\"A085DBFFB2A20500323F2300\",\"Value\":3},{\"Key\":\"DDE2D9FF09BD0500D8952400\",\"Value\":1},{\"Key\":\"078FDAFF42B905001F6F2400\",\"Value\":1},{\"Key\":\"67C9DAFF7FB705001D812400\",\"Value\":1},{\"Key\":\"47C8DAFFEEB60500F8772400\",\"Value\":1},{\"Key\":\"EAB8DAFFEEB6050036672400\",\"Value\":1},{\"Key\":\"A98DDBFFB4A70500B7322300\",\"Value\":3},{\"Key\":\"B6AADAFF28BA05006EE02400\",\"Value\":1},{\"Key\":\"4F56DAFFFEB805000B062400\",\"Value\":1},{\"Key\":\"C558DAFFFEB80500A91A2400\",\"Value\":1},{\"Key\":\"997DDAFFFEB8050041532400\",\"Value\":1},{\"Key\":\"5A6BDAFF1AB905004C802400\",\"Value\":1},{\"Key\":\"7B8FDAFFFEB805004C522400\",\"Value\":1},{\"Key\":\"816CDAFFFEB8050010A62400\",\"Value\":1},{\"Key\":\"DFCBDAFF1EB60500A9462400\",\"Value\":1},{\"Key\":\"9CDADAFFB8B50500B3502400\",\"Value\":1},{\"Key\":\"121EDAFFFEB8050099B22400\",\"Value\":1},{\"Key\":\"C658DAFFFEB80500137A2400\",\"Value\":1},{\"Key\":\"B8F0DAFF25AF05003B5A2400\",\"Value\":1},{\"Key\":\"64EDDAFFE7B105009B372400\",\"Value\":1},{\"Key\":\"C6F1DAFF9EAE050005542400\",\"Value\":1},{\"Key\":\"B5B4DAFF3CBC0500E5322300\",\"Value\":1},{\"Key\":\"1033DAFF3FB905001EC12300\",\"Value\":1},{\"Key\":\"0B1CDAFF25BB0500E1B82200\",\"Value\":1},{\"Key\":\"D57FDAFFE8B0050022602200\",\"Value\":1},{\"Key\":\"6FBFD9FF7AC80500FAB42400\",\"Value\":1},{\"Key\":\"3EBAD9FFBEC7050033AC2300\",\"Value\":1},{\"Key\":\"2D6BDAFFDBB805003A902200\",\"Value\":1},{\"Key\":\"3E54DAFFD2B8050048842200\",\"Value\":1},{\"Key\":\"6842DAFF25BB0500B0C02200\",\"Value\":1},{\"Key\":\"7A1BDAFFAABA0500895A2200\",\"Value\":1},{\"Key\":\"D33ADAFF4BB70500AB572200\",\"Value\":3},{\"Key\":\"E7F5D9FFCDBE050040182300\",\"Value\":1},{\"Key\":\"361EDAFF34B90500C6E02300\",\"Value\":1},{\"Key\":\"0D2EDAFF79BA0500F7702200\",\"Value\":1},{\"Key\":\"5243DAFF0DB50500253C2200\",\"Value\":1},{\"Key\":\"3455DAFF9AB30500AD3A2200\",\"Value\":1},{\"Key\":\"CE67DAFF6AB30500BB392200\",\"Value\":1},{\"Key\":\"7EB6DAFF25BB050071E82200\",\"Value\":1},{\"Key\":\"28C7DAFF7BB7050069F82200\",\"Value\":1},{\"Key\":\"4FDADAFFDAB7050030F32200\",\"Value\":1},{\"Key\":\"33DCDAFFD2B90500B0032300\",\"Value\":1},{\"Key\":\"DF69DAFFFEB805008C192400\",\"Value\":1},{\"Key\":\"0A68DAFFFEB805003A042400\",\"Value\":1},{\"Key\":\"AE55DAFFFEB805007EC32300\",\"Value\":1},{\"Key\":\"AC68DAFFFEB8050088B02300\",\"Value\":1},{\"Key\":\"4767DAFFFEB805001AC82300\",\"Value\":1},{\"Key\":\"13F7DAFFFCA70500C4D52100\",\"Value\":1},{\"Key\":\"98EEDAFFD4A905002CCA2100\",\"Value\":1},{\"Key\":\"CBFBDAFFC5A50500FABC2100\",\"Value\":1},{\"Key\":\"EFEEDAFFCAAF05006FB62100\",\"Value\":1},{\"Key\":\"4CFCDAFFE4A405005AAD2100\",\"Value\":1},{\"Key\":\"85B6D9FFC0B90500F3D92200\",\"Value\":3},{\"Key\":\"397FDAFFFEB805006DCE2300\",\"Value\":1},{\"Key\":\"7C7BDAFFFEB80500AFDE2300\",\"Value\":1},{\"Key\":\"D358DAFFFEB8050055D42300\",\"Value\":1},{\"Key\":\"F469DAFFFEB20500A8442200\",\"Value\":1},{\"Key\":\"9527D9FFA5C105008C0F2300\",\"Value\":1},{\"Key\":\"AA24D9FFFFC20500B9202300\",\"Value\":1},{\"Key\":\"0511D9FF8EBF0500D9F92200\",\"Value\":1},{\"Key\":\"F00FD9FFCDC20500871D2300\",\"Value\":1},{\"Key\":\"E939D9FFB4BF0500B1022300\",\"Value\":1},{\"Key\":\"3CDCDAFFB8BA050072342300\",\"Value\":1},{\"Key\":\"98D3DBFF9EB6050069E72200\",\"Value\":1},{\"Key\":\"35B4DAFF3CB90500E31E2300\",\"Value\":1},{\"Key\":\"F435D9FFC5BD05006AE22200\",\"Value\":1},{\"Key\":\"4C24D9FFE3BF05001EFA2200\",\"Value\":1},{\"Key\":\"3E01DBFFAEA50500F0DF2100\",\"Value\":1},{\"Key\":\"C1F1DAFF5DA80500D7B72100\",\"Value\":1},{\"Key\":\"C7DDDAFF25AD05003FEA2100\",\"Value\":1},{\"Key\":\"B5E5DAFFA7AB05002DF22100\",\"Value\":1},{\"Key\":\"5DECDAFF8BAA050060E12100\",\"Value\":1},{\"Key\":\"70F6DAFFA2A805002DEB2100\",\"Value\":1},{\"Key\":\"67FEDAFFE4A6050067F72100\",\"Value\":1},{\"Key\":\"BEEEDAFFF3A9050082F92100\",\"Value\":1},{\"Key\":\"F70ADBFF49A30500D7EA2100\",\"Value\":1},{\"Key\":\"F135D7FF7E660600BE4A2600\",\"Value\":1},{\"Key\":\"CF34D7FFEB64060084422600\",\"Value\":1},{\"Key\":\"2022D7FF4E6F0600D7682600\",\"Value\":1},{\"Key\":\"F9DBDAFF33B00500E1CD2400\",\"Value\":1},{\"Key\":\"39DADAFFAABB0500B2442300\",\"Value\":1},{\"Key\":\"8FEDDAFFD5BF050053652300\",\"Value\":3},{\"Key\":\"BBEDDAFFECB80500EF912300\",\"Value\":1},{\"Key\":\"CBD9DAFF63B705003B872400\",\"Value\":3},{\"Key\":\"4970DBFF9D9D05000D7D2300\",\"Value\":1},{\"Key\":\"DE11D9FF68D105006D652400\",\"Value\":1},{\"Key\":\"DB12D9FF1AD4050050792400\",\"Value\":1},{\"Key\":\"3724D9FF9BE30500D6CE2400\",\"Value\":1},{\"Key\":\"AC25D9FF01DC050036A72400\",\"Value\":1},{\"Key\":\"3368DAFFABBA050033232500\",\"Value\":1},{\"Key\":\"93F7D9FF25BB05008C292200\",\"Value\":1},{\"Key\":\"D5B7D9FFC7C50500366D2400\",\"Value\":3},{\"Key\":\"BBD2D9FF08C20500DD202400\",\"Value\":1},{\"Key\":\"74CFD9FF6CC405005F042400\",\"Value\":1},{\"Key\":\"6B0ADAFF1FBC05007FF02200\",\"Value\":1},{\"Key\":\"0739D9FF43BF0500A8FB2200\",\"Value\":1},{\"Key\":\"63A2DAFF39BF05007A3D2300\",\"Value\":1},{\"Key\":\"BAC6DAFFEABA0500E72F2300\",\"Value\":1},{\"Key\":\"6CD5DBFFE1B30500253C2300\",\"Value\":1},{\"Key\":\"E5E5DBFFBDB20500AF3E2300\",\"Value\":1},{\"Key\":\"D1FCDBFF1AB605007EFC2200\",\"Value\":1},{\"Key\":\"9F0BDCFF0CB405008DF82200\",\"Value\":1},{\"Key\":\"05F8DBFFAFB3050033E32200\",\"Value\":1},{\"Key\":\"F652DAFF5EC005004EEB2500\",\"Value\":1},{\"Key\":\"313EDAFFAEC70500B2012600\",\"Value\":1},{\"Key\":\"037DDAFFFEB8050040AF2300\",\"Value\":1},{\"Key\":\"C537D9FF2DBD050006CB2200\",\"Value\":1},{\"Key\":\"1CA2DAFFE0BA05004BCB2200\",\"Value\":1},{\"Key\":\"E6DDDAFFEEB6050026E92200\",\"Value\":1},{\"Key\":\"DA7CDAFF09BD0500A9262500\",\"Value\":1},{\"Key\":\"7F80DAFF4EBA0500F6412500\",\"Value\":1},{\"Key\":\"6D86D9FF83E50500D9FE2400\",\"Value\":3},{\"Key\":\"9A80D9FFEAEC05000B192500\",\"Value\":3},{\"Key\":\"E090D9FFC0F60500D34F2500\",\"Value\":1},{\"Key\":\"FCA6D9FF43F40500A0542500\",\"Value\":1},{\"Key\":\"BC93D9FFDEFD0500F36D2500\",\"Value\":1},{\"Key\":\"F4A8D9FF7EF705005C6C2500\",\"Value\":1},{\"Key\":\"2AA6D9FFD2F90500757C2500\",\"Value\":1},{\"Key\":\"91A9D9FFF7D70500D6E92400\",\"Value\":1},{\"Key\":\"47D3D9FF8BC4050091CB2400\",\"Value\":1},{\"Key\":\"A7CED9FFF3D30500010D2500\",\"Value\":1},{\"Key\":\"0FE7D9FFB9C605000CFE2400\",\"Value\":1},{\"Key\":\"50E8D9FF34C105007BE12400\",\"Value\":1},{\"Key\":\"39E8D9FF47CC05006F152500\",\"Value\":1},{\"Key\":\"1ED1D9FF73DB0500F0252500\",\"Value\":1},{\"Key\":\"99BBD9FFB2E1050053202500\",\"Value\":1},{\"Key\":\"79BDD9FFB3DB050008112500\",\"Value\":1},{\"Key\":\"432FDAFF3DB9050016FD2400\",\"Value\":1},{\"Key\":\"B7F6D9FFB3C10500F1FD2400\",\"Value\":1},{\"Key\":\"9E92DAFF88B9050004D52400\",\"Value\":3},{\"Key\":\"C0EBDAFFEAB20500CDB72200\",\"Value\":1},{\"Key\":\"0F80DAFF38B8050065CC2500\",\"Value\":1},{\"Key\":\"061DDAFFC7BA05003F072500\",\"Value\":1},{\"Key\":\"F61ADAFF8DB9050079E52400\",\"Value\":1},{\"Key\":\"B2F5D9FF74C50500AB0F2500\",\"Value\":1},{\"Key\":\"7983DAFF14B90500E4B52500\",\"Value\":1},{\"Key\":\"1FD3DAFF8FB405005AE82400\",\"Value\":1},{\"Key\":\"5869DAFFA2B80500E9D72400\",\"Value\":1},{\"Key\":\"A567DAFF9EB80500EFE72400\",\"Value\":1},{\"Key\":\"DF59DAFFBABA050020B12500\",\"Value\":1},{\"Key\":\"C294DAFFA7B705006ED72500\",\"Value\":1},{\"Key\":\"14859EFF44F20000E0F31B00\",\"Value\":1},{\"Key\":\"25D4DAFF97B1050057A32000\",\"Value\":1},{\"Key\":\"581CDAFF0EBC05001A1B2500\",\"Value\":1},{\"Key\":\"430BDAFF6BCF05004E592500\",\"Value\":3},{\"Key\":\"2128DAFF5DBA0500A4222500\",\"Value\":1},{\"Key\":\"5267DAFF72B90500C7B82500\",\"Value\":1},{\"Key\":\"3154DAFFDEBD050055CB2500\",\"Value\":1},{\"Key\":\"F6EC9CFF15EA00006DEC1A00\",\"Value\":1},{\"Key\":\"0593DAFF30B50500AFEA2500\",\"Value\":1},{\"Key\":\"C56ADAFFA3B9050017D82500\",\"Value\":1},{\"Key\":\"A097DAFFD5B9050063C32500\",\"Value\":1},{\"Key\":\"787DDAFFC7B805001CAA2500\",\"Value\":1},{\"Key\":\"56B9DAFF28B90500627A2400\",\"Value\":1},{\"Key\":\"AEA4DAFFB7B80500D3662400\",\"Value\":1},{\"Key\":\"43A4DAFFCAB805008A532400\",\"Value\":1},{\"Key\":\"2795DAFF2BB605005C452100\",\"Value\":1},{\"Key\":\"DCECDAFF9AB4050094ED2300\",\"Value\":1},{\"Key\":\"D3EFDAFFA0B705001AC22300\",\"Value\":1},{\"Key\":\"2FEFDAFFB2B8050085AF2300\",\"Value\":1},{\"Key\":\"65CADAFF46BC05005D482300\",\"Value\":1},{\"Key\":\"3F14DBFFA5BE05002A462300\",\"Value\":1},{\"Key\":\"F843DBFFB6A10500E2852200\",\"Value\":1},{\"Key\":\"7802DBFF9FBB0500AF162300\",\"Value\":1},{\"Key\":\"943CDAFFC0D1050054882000\",\"Value\":1},{\"Key\":\"47D2DAFFBCB00500A2712000\",\"Value\":3},{\"Key\":\"B0CADAFFBCB0050070862000\",\"Value\":1},{\"Key\":\"F16EDAFF12060600A1AC1F00\",\"Value\":3},{\"Key\":\"49BDDAFFA3B905009A482000\",\"Value\":1},{\"Key\":\"058FDAFF6FBB05004B952400\",\"Value\":1},{\"Key\":\"26A3DAFFE1BC0500279F2400\",\"Value\":1},{\"Key\":\"3ADADAFF8FBD0500D1522300\",\"Value\":1},{\"Key\":\"BDEDDAFFC4BD0500E6512300\",\"Value\":1},{\"Key\":\"6656DAFFFEB80500CB9E2400\",\"Value\":1},{\"Key\":\"D456DAFFF6EB05003B162000\",\"Value\":3},{\"Key\":\"DAD1DBFF37B90500621C2300\",\"Value\":1},{\"Key\":\"22D3DBFFBEB80500EAF92200\",\"Value\":1},{\"Key\":\"17F8DBFF96B5050031302300\",\"Value\":1},{\"Key\":\"AA00DBFFB2B80500FCF82200\",\"Value\":1},{\"Key\":\"1CF0DAFF20BA0500C6FB2200\",\"Value\":1},{\"Key\":\"72F1DAFFADB7050056E92200\",\"Value\":1},{\"Key\":\"7EE5DAFFF2B4050018D22200\",\"Value\":1},{\"Key\":\"0702DBFF4DB50500B1D42200\",\"Value\":1},{\"Key\":\"9D1EDCFFC6B20500CA3F2300\",\"Value\":1},{\"Key\":\"D41FDCFF28A8050044182300\",\"Value\":1},{\"Key\":\"0D24DCFFEBB00500FF352300\",\"Value\":1},{\"Key\":\"E99BDBFF9AB40500F8212300\",\"Value\":1},{\"Key\":\"4B9EDBFFB8AA0500F1392300\",\"Value\":1},{\"Key\":\"B1A7DBFF0FAC05007E3D2300\",\"Value\":1},{\"Key\":\"46B0DBFFD2A9050012462300\",\"Value\":1},{\"Key\":\"7F98DBFFF9A40500F8422300\",\"Value\":1},{\"Key\":\"84C4DBFF25AA0500074D2300\",\"Value\":1},{\"Key\":\"EE9DDBFF16A005003F522300\",\"Value\":1},{\"Key\":\"01B6DBFF2CA2050087562300\",\"Value\":1},{\"Key\":\"9EC1DBFFA59E0500B2612300\",\"Value\":1},{\"Key\":\"7D8DDBFF22A1050033492300\",\"Value\":1},{\"Key\":\"EAC7DBFFEC9F0500DDB52200\",\"Value\":1},{\"Key\":\"64ABDAFF61BA0500782C2500\",\"Value\":1},{\"Key\":\"C5FED9FFCDB905004E462200\",\"Value\":3},{\"Key\":\"9C85D9FF79BD050012892200\",\"Value\":3},{\"Key\":\"B8A7D9FF74CA05007B202400\",\"Value\":1},{\"Key\":\"BA3ADAFF4FB90500862D2500\",\"Value\":3},{\"Key\":\"248FD9FF3B590600B5AC2700\",\"Value\":3},{\"Key\":\"EB11DAFF00D6050063BA2500\",\"Value\":1},{\"Key\":\"E269DAFF94B905000CE52500\",\"Value\":1},{\"Key\":\"3F6CD8FF14C90500FC1D2300\",\"Value\":3},{\"Key\":\"456CDAFF87B905009B982000\",\"Value\":1},{\"Key\":\"4F53DAFFF5C60500049B2000\",\"Value\":1},{\"Key\":\"8211DAFFDBD2050082B42000\",\"Value\":1},{\"Key\":\"1641DAFF5CCA0500AF982000\",\"Value\":1},{\"Key\":\"87F7D9FF5EC0050098292300\",\"Value\":1},{\"Key\":\"1AE4D9FF30BE0500C9162300\",\"Value\":1},{\"Key\":\"07E4D9FFA7BD05002B0E2300\",\"Value\":1},{\"Key\":\"9C6FD7FFB4E2050018C12300\",\"Value\":1},{\"Key\":\"F28FD8FF34C80500EFF42200\",\"Value\":1},{\"Key\":\"1DA6D8FF2EC7050029E72200\",\"Value\":1},{\"Key\":\"26BAD8FF28C305009FF92200\",\"Value\":1},{\"Key\":\"21BBD8FFE2C505000FDF2200\",\"Value\":1},{\"Key\":\"FCD0D8FFC3C505000EC92200\",\"Value\":1},{\"Key\":\"8FEAD7FFF1D105006A952300\",\"Value\":3},{\"Key\":\"E7A6D7FF4DE60500652A2400\",\"Value\":3},{\"Key\":\"2FD1D7FFD2DC0500D1F42300\",\"Value\":1},{\"Key\":\"D22AD8FF9FD205008CC82300\",\"Value\":1},{\"Key\":\"8308D8FFA8D6050049072400\",\"Value\":1},{\"Key\":\"8A24D8FF31D405000A282400\",\"Value\":1},{\"Key\":\"ED7BD8FF58C7050005FF2300\",\"Value\":1},{\"Key\":\"A5FAD8FFCAC70500E44F2300\",\"Value\":1},{\"Key\":\"4F1DDAFFE0C305009C6D2300\",\"Value\":1},{\"Key\":\"C01DDAFF39C20500A33C2300\",\"Value\":1},{\"Key\":\"9630DAFFCDC00500BE292300\",\"Value\":1},{\"Key\":\"4C1EDAFFA1C305005A4F2300\",\"Value\":1},{\"Key\":\"8F7AD8FFDAC7050059212400\",\"Value\":1},{\"Key\":\"7A91D8FFFFC60500280A2400\",\"Value\":1},{\"Key\":\"3931D8FFAAD10500C18F2300\",\"Value\":3},{\"Key\":\"FB07D8FF90CE05002F292300\",\"Value\":1},{\"Key\":\"52F2D7FFADCD0500ED2B2300\",\"Value\":1},{\"Key\":\"9E04D8FF9ED00500E21B2300\",\"Value\":1},{\"Key\":\"E42AD8FF10CF050088562300\",\"Value\":1},{\"Key\":\"BA17D8FF0ACE0500EE552300\",\"Value\":1},{\"Key\":\"391BD8FFDBCD050043482300\",\"Value\":1},{\"Key\":\"98F1D7FF43D30500E3092300\",\"Value\":1},{\"Key\":\"60DFD7FFB4D3050081052300\",\"Value\":1},{\"Key\":\"73CBD7FFC6D00500FB1A2300\",\"Value\":1},{\"Key\":\"6630D8FF98DF05004C642200\",\"Value\":3},{\"Key\":\"F95CD9FF7BF5050035DC2000\",\"Value\":1},{\"Key\":\"44BAD7FF50EC05003F882200\",\"Value\":1},{\"Key\":\"99CCD7FFAFE505009CA52200\",\"Value\":1},{\"Key\":\"76CDD7FF5BDC0500B0D42200\",\"Value\":1},{\"Key\":\"D36CD7FF8FDC0500C06B2300\",\"Value\":1},{\"Key\":\"F2B8D7FF71E1050098BF2200\",\"Value\":1},{\"Key\":\"2971D9FF76F50500A3C72000\",\"Value\":1},{\"Key\":\"119CD7FF62E5050003B22200\",\"Value\":1},{\"Key\":\"84A6D7FF63E10500B4C02200\",\"Value\":1},{\"Key\":\"D5CDD7FF29CF0500D4292300\",\"Value\":1},{\"Key\":\"68A5D7FF0BD8050033F42200\",\"Value\":1},{\"Key\":\"7BDED7FF8ACC0500DD422300\",\"Value\":1},{\"Key\":\"C8DED7FF6ECD05003F312300\",\"Value\":1},{\"Key\":\"3A2AD8FFA1F50500C8D92100\",\"Value\":1},{\"Key\":\"6793D7FF69D90500DDF12200\",\"Value\":1},{\"Key\":\"15E1D7FF3DDA05005CDD2200\",\"Value\":1},{\"Key\":\"D304D8FF4CDA050068D12200\",\"Value\":1},{\"Key\":\"1551D8FFECD70500B8872200\",\"Value\":1},{\"Key\":\"2F3ED8FF85D805008F982200\",\"Value\":1},{\"Key\":\"B765D8FF66D3050017AE2200\",\"Value\":1},{\"Key\":\"4B95D7FFCAD60500CC0E2300\",\"Value\":1},{\"Key\":\"0F7FD7FF45D805009C1C2300\",\"Value\":1},{\"Key\":\"1182D7FFEBD905009FFB2200\",\"Value\":1},{\"Key\":\"B070D7FF4CD90500A2222300\",\"Value\":1},{\"Key\":\"5DF3D7FF0BD6050095FA2200\",\"Value\":1},{\"Key\":\"88DCDAFF93B605002CCA2200\",\"Value\":1},{\"Key\":\"B77BD9FF4C5A06007D922700\",\"Value\":1},{\"Key\":\"086FD9FFC35C0600E2B02700\",\"Value\":1},{\"Key\":\"8D9BD9FFFA540600D4302800\",\"Value\":1},{\"Key\":\"987DD9FF43540600993B2800\",\"Value\":1},{\"Key\":\"43AED9FF35540600A6F92700\",\"Value\":1},{\"Key\":\"DC6DD9FF665B0600A6F92700\",\"Value\":1},{\"Key\":\"7448D9FF13610600A4FF2700\",\"Value\":1},{\"Key\":\"B690D9FF625306004E162800\",\"Value\":1},{\"Key\":\"BF7BD8FF31D205006E9D2200\",\"Value\":1},{\"Key\":\"C6A6D9FFACC90500238E2100\",\"Value\":1},{\"Key\":\"7AA6D9FF71CC0500CD732100\",\"Value\":1},{\"Key\":\"8F91D8FF7BFF05001A5B2100\",\"Value\":1},{\"Key\":\"11E8D9FF49CD0500B31B2100\",\"Value\":1},{\"Key\":\"1DD1D9FFA3D0050064202100\",\"Value\":1},{\"Key\":\"C2BED9FF92D405003A1A2100\",\"Value\":1},{\"Key\":\"E27CDAFF61B60500AA202100\",\"Value\":1},{\"Key\":\"7095DAFF70B405003A1A2100\",\"Value\":1},{\"Key\":\"3095DAFF18B3050012102100\",\"Value\":1},{\"Key\":\"BEA9DAFF1BB40500A5302100\",\"Value\":1},{\"Key\":\"CFA7DAFFEEB305008E202100\",\"Value\":1},{\"Key\":\"D37AD8FF76D4050008892200\",\"Value\":1},{\"Key\":\"E1A9DAFF98B40500FA452100\",\"Value\":1},{\"Key\":\"5A28DAFFF3E20500DF622000\",\"Value\":1},{\"Key\":\"3DE9D9FF97FE0500B44E2000\",\"Value\":1},{\"Key\":\"28FDD9FF4FFE050091372000\",\"Value\":1},{\"Key\":\"16AAD9FF45CD05008E662100\",\"Value\":1},{\"Key\":\"7346DAFF5FC40500A4B22000\",\"Value\":1},{\"Key\":\"E943DAFF8FC60500E5AB2000\",\"Value\":1},{\"Key\":\"3E6ADAFF05C00500418F2000\",\"Value\":1},{\"Key\":\"5F68DAFF0BB605000D0E2100\",\"Value\":1},{\"Key\":\"B255DAFF21CE0500D47B2000\",\"Value\":1},{\"Key\":\"65D4DAFFBCB00500455A2000\",\"Value\":1},{\"Key\":\"33E8DAFFBCB00500BB492000\",\"Value\":1},{\"Key\":\"2A3DD9FF5DCF05009D4A2400\",\"Value\":1},{\"Key\":\"8950D9FF6DD0050092512400\",\"Value\":1},{\"Key\":\"248FD8FF57F90500CB762100\",\"Value\":1},{\"Key\":\"7CCFD8FF5CE9050028262500\",\"Value\":1},{\"Key\":\"815ED9FFA5CF050021482400\",\"Value\":1},{\"Key\":\"27BAD8FFACE7050010252500\",\"Value\":1},{\"Key\":\"98DFD7FF69CC05007B512300\",\"Value\":1},{\"Key\":\"237FD7FFE0DC0500FBE32200\",\"Value\":1},{\"Key\":\"18A2DAFFFEB805000AA62300\",\"Value\":1},{\"Key\":\"0587D9FF75BA050061022300\",\"Value\":1},{\"Key\":\"A05CD9FF68BC05002BE02200\",\"Value\":1},{\"Key\":\"3664D7FF9FE6050064FE2300\",\"Value\":1},{\"Key\":\"5B7ADAFF25BB050081CF2200\",\"Value\":1},{\"Key\":\"F47ADAFF24BB050077BF2200\",\"Value\":1},{\"Key\":\"4E57DAFF1DBA0500AD902200\",\"Value\":1},{\"Key\":\"9E01D9FF85E90500BFFE2400\",\"Value\":3},{\"Key\":\"00B7D8FFC4E0050014B92400\",\"Value\":3},{\"Key\":\"5A91D8FFEFC80500633F2400\",\"Value\":1},{\"Key\":\"3FBBD8FFDCCD050025692400\",\"Value\":1},{\"Key\":\"63A5D8FF65CC0500F1612400\",\"Value\":1},{\"Key\":\"8390D8FFD0CC05000A612400\",\"Value\":1},{\"Key\":\"4C9ED8FF5BCA050000512400\",\"Value\":1},{\"Key\":\"1702D9FF98DE050090B32400\",\"Value\":1},{\"Key\":\"42B2D8FFCFD20500DB812400\",\"Value\":1},{\"Key\":\"89A0D8FF0DD105006D792400\",\"Value\":1},{\"Key\":\"42D8D8FF1AD1050021782400\",\"Value\":1},{\"Key\":\"05FAD7FFEFEA05009DF72400\",\"Value\":1},{\"Key\":\"E4E4D7FFB7ED050029F72400\",\"Value\":1},{\"Key\":\"AAF1D7FF03E705004AD82400\",\"Value\":3},{\"Key\":\"16E5D7FF08EA05009EEA2400\",\"Value\":1},{\"Key\":\"132AD8FF20E7050059E82400\",\"Value\":3},{\"Key\":\"9926D8FFD4E50500BB952400\",\"Value\":1},{\"Key\":\"6C13D8FFF3E6050043AC2400\",\"Value\":1},{\"Key\":\"E34ED8FFD3E4050067B92400\",\"Value\":1},{\"Key\":\"5664D8FF93DA0500AB882400\",\"Value\":1},{\"Key\":\"E97AD8FFD1D70500278C2400\",\"Value\":1},{\"Key\":\"0171D8FF3CDC0500719A2400\",\"Value\":1},{\"Key\":\"9264D8FF2DE305007EBD2400\",\"Value\":1},{\"Key\":\"576AD8FFCBE60500D8EC2400\",\"Value\":1},{\"Key\":\"6552D8FFADE60500F4DF2400\",\"Value\":1},{\"Key\":\"F451D8FF63E70500ABF52400\",\"Value\":1},{\"Key\":\"8042D8FF41E7050098EC2400\",\"Value\":1},{\"Key\":\"EA7AD8FFF3E5050005E22400\",\"Value\":1},{\"Key\":\"9F67D8FFD2E505000AD92400\",\"Value\":1},{\"Key\":\"1052D8FFDAD40500AF5C2400\",\"Value\":1},{\"Key\":\"9027D8FFF3E605006FCA2400\",\"Value\":1},{\"Key\":\"F565D8FF82CC050093482400\",\"Value\":1},{\"Key\":\"B77BD8FF08CA0500D7462400\",\"Value\":1},{\"Key\":\"4C67D9FF1AD705007D942400\",\"Value\":1},{\"Key\":\"C48CD8FFCEE50500A5E02400\",\"Value\":1},{\"Key\":\"5AEDD8FFB5D3050077802400\",\"Value\":1},{\"Key\":\"1401D9FFCDD7050041932400\",\"Value\":1},{\"Key\":\"E700D9FF9FD60500028D2400\",\"Value\":1},{\"Key\":\"9B12D9FF30D5050008812400\",\"Value\":1},{\"Key\":\"EAEBD8FF4BD20500B6782400\",\"Value\":1},{\"Key\":\"ED77D8FFFCC8050009372400\",\"Value\":1},{\"Key\":\"6868D9FF15D405004B752400\",\"Value\":1},{\"Key\":\"F3B1D8FFBDC705008BE92300\",\"Value\":1},{\"Key\":\"CDB2D8FF3AC8050099D52300\",\"Value\":1},{\"Key\":\"40B4D8FFFFC70500F3BA2300\",\"Value\":1},{\"Key\":\"0110D9FF38CF050009512400\",\"Value\":1},{\"Key\":\"4EFDD8FFD4CF05009D5D2400\",\"Value\":1},{\"Key\":\"0A57DAFFBBBA0500F0882300\",\"Value\":1},{\"Key\":\"532FDAFFC0C00500847F2300\",\"Value\":3},{\"Key\":\"F952DAFF17C2050042162600\",\"Value\":1},{\"Key\":\"9F3EDAFF3FC80500970D2600\",\"Value\":1},{\"Key\":\"CE52DAFFB3C40500732B2600\",\"Value\":1},{\"Key\":\"1F3EDAFF0FD1050005422600\",\"Value\":1},{\"Key\":\"3654DAFFA1C60500F73C2600\",\"Value\":1},{\"Key\":\"92ADDBFFE5B605005DE12500\",\"Value\":1},{\"Key\":\"6DE5DCFF55BB050023412500\",\"Value\":1},{\"Key\":\"1CCCDCFFA7B90500844A2500\",\"Value\":1},{\"Key\":\"B8C0DCFFEBB90500E3A32400\",\"Value\":1},{\"Key\":\"8FB9DCFF6AB8050063C52400\",\"Value\":1},{\"Key\":\"B3FCD9FFECB905002E092200\",\"Value\":1},{\"Key\":\"DD2CDDFFFEB8050014F32400\",\"Value\":1},{\"Key\":\"3985DCFFC4B90500E2382500\",\"Value\":1},{\"Key\":\"C85ADCFFE6B30500DE272500\",\"Value\":1},{\"Key\":\"7B6DDCFF8EB805008F3D2500\",\"Value\":1},{\"Key\":\"B467DCFF90B90500D93C2500\",\"Value\":1},{\"Key\":\"85EDDAFFCDB1050069802200\",\"Value\":1},{\"Key\":\"63D7DAFF26AE050019772200\",\"Value\":1},{\"Key\":\"79DBDAFF0BB40500DD742200\",\"Value\":1},{\"Key\":\"F9F4DAFF0CAA0500BA892200\",\"Value\":1},{\"Key\":\"F0EDDAFF39AD0500936C2200\",\"Value\":1},{\"Key\":\"5803DBFFBDA7050053692200\",\"Value\":1},{\"Key\":\"4CFCDAFFE3A70500925A2200\",\"Value\":1},{\"Key\":\"EEF3DAFF6BA80500B14C2200\",\"Value\":1},{\"Key\":\"1C1BDAFF0BC30500FF7C2300\",\"Value\":1},{\"Key\":\"5A11DBFF5CA6050026602200\",\"Value\":1},{\"Key\":\"E441DAFF21BB050041932200\",\"Value\":3},{\"Key\":\"1E70D9FFC9CE0500D3362400\",\"Value\":1},{\"Key\":\"C586D9FFD1CA05004CCE2300\",\"Value\":3},{\"Key\":\"6B70D9FFEFCA0500DCC32300\",\"Value\":3},{\"Key\":\"D9B3DAFFFEB80500A3C92300\",\"Value\":1},{\"Key\":\"212FDAFF4BC305008A512300\",\"Value\":1},{\"Key\":\"556FD9FF99F90500FFB72000\",\"Value\":1},{\"Key\":\"5CB5DAFF19B705002CAE2200\",\"Value\":1},{\"Key\":\"17C7DAFFFEB80500499F2300\",\"Value\":1},{\"Key\":\"9475D9FF7E020600778D2000\",\"Value\":3},{\"Key\":\"B76ADAFF40B3050050AC2000\",\"Value\":1},{\"Key\":\"3C8EDAFF03B1050069EF2000\",\"Value\":1},{\"Key\":\"0168DAFF48B4050009E42100\",\"Value\":1},{\"Key\":\"C7F1DAFF08A8050010412200\",\"Value\":1},{\"Key\":\"5DB5DAFF76B805002DAA2200\",\"Value\":1},{\"Key\":\"A911DAFF82C2050073492100\",\"Value\":1},{\"Key\":\"7AF5D9FFB6C80500F12E2100\",\"Value\":1},{\"Key\":\"CBF5D9FF25C705005A3B2100\",\"Value\":1},{\"Key\":\"E3FDD9FF45F5050078522000\",\"Value\":3},{\"Key\":\"7E74D9FF01250600C3002000\",\"Value\":3},{\"Key\":\"CFF2D8FFE349060064CA1F00\",\"Value\":3},{\"Key\":\"D274D9FF6B3406004CBC1F00\",\"Value\":3},{\"Key\":\"DB00DAFFA4B9050012132400\",\"Value\":3},{\"Key\":\"8BBBD9FF78C805007C002400\",\"Value\":1},{\"Key\":\"A9E3D9FFABBF0500E5052400\",\"Value\":1},{\"Key\":\"E8BBD9FFA7C70500D9112400\",\"Value\":1},{\"Key\":\"65AAD9FFAECA0500E1052400\",\"Value\":1},{\"Key\":\"40BFD9FFCEB90500CBC22200\",\"Value\":1},{\"Key\":\"D4E7D8FF3C4906005FD81F00\",\"Value\":1},{\"Key\":\"7B43DAFF8CB40500B5B62100\",\"Value\":1},{\"Key\":\"F914DAFF4DFF0500D40E2000\",\"Value\":1},{\"Key\":\"7927D9FF77310600D40D2000\",\"Value\":1},{\"Key\":\"0915D9FF2738060041022000\",\"Value\":1},{\"Key\":\"D51DDAFF27C00500B4572100\",\"Value\":3},{\"Key\":\"122EDAFFFABC0500F8652100\",\"Value\":3},{\"Key\":\"A243DAFF96BB0500B34C2100\",\"Value\":3},{\"Key\":\"2646DAFFA3BB05007E1F2100\",\"Value\":3},{\"Key\":\"2655DAFF42BA05006C2F2100\",\"Value\":3},{\"Key\":\"C56ADAFFFFB70500F3382100\",\"Value\":3},{\"Key\":\"2741DAFF79BC0500B92C2100\",\"Value\":3},{\"Key\":\"5830DAFFE3C4050094BE2000\",\"Value\":1},{\"Key\":\"69A4DAFF7BB30500777E2100\",\"Value\":1},{\"Key\":\"1E2FDAFFA1B50500BBAD2100\",\"Value\":3},{\"Key\":\"A0B3DAFFB6B20500019F2100\",\"Value\":3},{\"Key\":\"D155DAFF75B60500C2732100\",\"Value\":3},{\"Key\":\"C21CDAFFD5B8050015A32100\",\"Value\":3},{\"Key\":\"ADF5D9FFD7B9050037D42100\",\"Value\":3},{\"Key\":\"4608DAFFAFBE0500EF882100\",\"Value\":3},{\"Key\":\"A408DAFF25C00500717B2100\",\"Value\":3},{\"Key\":\"3341DAFF2DB60500889F2100\",\"Value\":3},{\"Key\":\"9A30DAFFC3B70500FD982100\",\"Value\":3},{\"Key\":\"8E2EDAFF38B90500FB8D2100\",\"Value\":3},{\"Key\":\"78CFD9FF66C60500E0742100\",\"Value\":1},{\"Key\":\"C7F4D9FF4AC2050087782100\",\"Value\":1},{\"Key\":\"E323D9FF15370600EFF61F00\",\"Value\":1},{\"Key\":\"A66FD9FF392C060000E51F00\",\"Value\":1},{\"Key\":\"9539D8FF8A400600E89C2000\",\"Value\":1},{\"Key\":\"954ECEFF904C0600AA721D00\",\"Value\":1},{\"Key\":\"A0FBBCFF7C980500CD0D3D00\",\"Value\":1},{\"Key\":\"0A81BDFF9AD20500EAD64C00\",\"Value\":3},{\"Key\":\"338EBDFFCAD7050029C94C00\",\"Value\":1},{\"Key\":\"F8A7BDFF57D205000DDF4C00\",\"Value\":1},{\"Key\":\"2971BCFFE3B2050002874E00\",\"Value\":1},{\"Key\":\"EF63BCFFE3B205002A824E00\",\"Value\":1},{\"Key\":\"853DBCFFE3B20500B9884E00\",\"Value\":1},{\"Key\":\"7528BCFFE3B20500F7684E00\",\"Value\":1},{\"Key\":\"9039BCFFE3B2050018584E00\",\"Value\":1},{\"Key\":\"28FFBBFFE3B205000C3C4E00\",\"Value\":1},{\"Key\":\"5C17BCFFE3B2050082244E00\",\"Value\":1},{\"Key\":\"E309BCFFE3B20500971F4E00\",\"Value\":1},{\"Key\":\"D1FFBBFFE3B2050073024E00\",\"Value\":1},{\"Key\":\"21FABBFFE3B2050005F14D00\",\"Value\":1},{\"Key\":\"D5DFBBFFE3B205006DE84D00\",\"Value\":1},{\"Key\":\"7FE5BBFFE3B2050064C84D00\",\"Value\":1},{\"Key\":\"BFE8BBFFE3B205004EC04D00\",\"Value\":1},{\"Key\":\"1E3CBCFFE3B20500201E4E00\",\"Value\":1},{\"Key\":\"157ABCFFE3B2050019F94D00\",\"Value\":1},{\"Key\":\"B98BBCFFE3B20500E7D14D00\",\"Value\":1},{\"Key\":\"B0E3BDFFE3B2050087964E00\",\"Value\":1},{\"Key\":\"46E3BDFFE3B2050065AA4E00\",\"Value\":1},{\"Key\":\"8410BEFF14B50500DEAE4E00\",\"Value\":1},{\"Key\":\"031EBEFF1DB80500E6BF4E00\",\"Value\":1},{\"Key\":\"88E3BCFFD8BA0500CF124D00\",\"Value\":1},{\"Key\":\"561BBEFF38BA050092D94E00\",\"Value\":1},{\"Key\":\"7327BCFFE3B205001EA34E00\",\"Value\":1},{\"Key\":\"C428BCFFE3B205009AB04E00\",\"Value\":1},{\"Key\":\"AD0EBCFFE3B20500F2B54E00\",\"Value\":1},{\"Key\":\"0D61BCFFE3B20500D5BD4D00\",\"Value\":1},{\"Key\":\"F962BCFFE3B20500DACC4D00\",\"Value\":1},{\"Key\":\"AF33BCFFE3B205007ACF4D00\",\"Value\":1},{\"Key\":\"1E00BCFFE3B2050010DC4D00\",\"Value\":1},{\"Key\":\"EFC3BBFFE3B20500A9E74D00\",\"Value\":1},{\"Key\":\"AB39BBFFE3B20500D56B4E00\",\"Value\":1},{\"Key\":\"5516BBFFE3B2050053D94E00\",\"Value\":1},{\"Key\":\"A026BBFFE3B205000BA44F00\",\"Value\":1},{\"Key\":\"087BBBFFE3B20500D9C14F00\",\"Value\":1},{\"Key\":\"827FBBFFE3B20500077E4F00\",\"Value\":1},{\"Key\":\"3489BBFFE3B205002D7A4F00\",\"Value\":1},{\"Key\":\"00A2BBFFE3B2050084CA4E00\",\"Value\":3},{\"Key\":\"3F81BCFFE3B205005A9A4D00\",\"Value\":1},{\"Key\":\"3362BCFFE3B205000DA04D00\",\"Value\":1},{\"Key\":\"A878B9FFB9ED050075FA4F00\",\"Value\":1},{\"Key\":\"245FB9FF8CF60500BC125000\",\"Value\":1},{\"Key\":\"6113B8FF44070600BFA55000\",\"Value\":1},{\"Key\":\"7AE0B3FFA913060002CA5400\",\"Value\":1},{\"Key\":\"88D4B3FF3B14060094D55400\",\"Value\":1},{\"Key\":\"43C8B3FFDE170600E5F75400\",\"Value\":1},{\"Key\":\"DD65B7FF44070600ABEE5000\",\"Value\":1},{\"Key\":\"A882B8FFE7050600AF0F5100\",\"Value\":1},{\"Key\":\"6766B8FFB206060032305100\",\"Value\":1},{\"Key\":\"0A34B8FF4407060039795100\",\"Value\":1},{\"Key\":\"5F11B8FF44070600357E5100\",\"Value\":1},{\"Key\":\"A512B8FF44070600FC985100\",\"Value\":1},{\"Key\":\"CDF6B7FF44070600C78A5100\",\"Value\":1},{\"Key\":\"C2F6B7FF4407060036985100\",\"Value\":1},{\"Key\":\"14A0B6FF44070600455E5100\",\"Value\":1},{\"Key\":\"259EB6FF440706003F505100\",\"Value\":1},{\"Key\":\"A3F3B7FF44070600B1BA5100\",\"Value\":1},{\"Key\":\"BED8B7FF44070600C1A55100\",\"Value\":1},{\"Key\":\"31A0B6FF44070600A5355100\",\"Value\":1},{\"Key\":\"4DD8B7FF4407060023B75100\",\"Value\":1},{\"Key\":\"617FB6FF4407060038665100\",\"Value\":1},{\"Key\":\"1EC6B7FF44070600B1D35100\",\"Value\":1},{\"Key\":\"E3BDB7FF4407060016DB5100\",\"Value\":1},{\"Key\":\"C17FB6FF4407060021475100\",\"Value\":1},{\"Key\":\"6174B6FF44070600065F5100\",\"Value\":1},{\"Key\":\"9A66B6FF44070600147B5100\",\"Value\":1},{\"Key\":\"4B8BB7FF44070600C90B5200\",\"Value\":1},{\"Key\":\"B68CB7FF4407060035275200\",\"Value\":1},{\"Key\":\"6EB8B4FF0A0A0600A4FE5200\",\"Value\":1},{\"Key\":\"A5B8B6FFCC00060058DB5200\",\"Value\":1},{\"Key\":\"4071B5FFFC0706002F315200\",\"Value\":1},{\"Key\":\"3E77B6FFF6010600A2F45200\",\"Value\":1},{\"Key\":\"0416B6FF9CF70500FDC95300\",\"Value\":1},{\"Key\":\"EFFFB5FF42FA0500A4C85300\",\"Value\":1},{\"Key\":\"D0FFB5FFC0F6050055E55300\",\"Value\":1},{\"Key\":\"A67FB4FFFE08060074C75300\",\"Value\":1},{\"Key\":\"ACD3B5FFC0F605008C145400\",\"Value\":1},{\"Key\":\"5D78B4FF6B090600E7AA5300\",\"Value\":1},{\"Key\":\"B26AB4FF6B0906006AAD5300\",\"Value\":1},{\"Key\":\"F0A8B4FFDA0A06002E235300\",\"Value\":1},{\"Key\":\"7820B4FF560C06006C485400\",\"Value\":1},{\"Key\":\"CC72B5FF18FC050041565400\",\"Value\":1},{\"Key\":\"BB63B5FF78FC050083645400\",\"Value\":1},{\"Key\":\"E32FB5FF72FF0500FC795400\",\"Value\":1},{\"Key\":\"49F1B3FF11130600AFC05400\",\"Value\":1},{\"Key\":\"3DF2B3FF2C14060056D65400\",\"Value\":1},{\"Key\":\"3225B3FF9C1C06007CFF5500\",\"Value\":1},{\"Key\":\"160FB3FF1E1D060001065600\",\"Value\":1},{\"Key\":\"6209B3FF491D06009B135600\",\"Value\":1},{\"Key\":\"54F6B2FF871D06005B0E5600\",\"Value\":1},{\"Key\":\"16D2B2FF871D060062205600\",\"Value\":1},{\"Key\":\"A6DDB2FF871D0600CD3E5600\",\"Value\":1},{\"Key\":\"50C5B2FF871D06000A3B5600\",\"Value\":1},{\"Key\":\"78BFB2FF871D060003485600\",\"Value\":1},{\"Key\":\"EE7BB2FFF61E0600746E5600\",\"Value\":1},{\"Key\":\"E0EBB0FF0F120600CD6E5600\",\"Value\":1},{\"Key\":\"58A5B1FF9F1906006A7C5600\",\"Value\":1},{\"Key\":\"B1B0B0FF1A11060017915600\",\"Value\":1},{\"Key\":\"3978B0FF060B06001B925600\",\"Value\":1},{\"Key\":\"2B6AB0FF260A0600DE965600\",\"Value\":1},{\"Key\":\"2C6AB0FFEF0C0600D8AF5600\",\"Value\":1},{\"Key\":\"DE45B0FF50080600839D5600\",\"Value\":1},{\"Key\":\"5B10B0FF0E040600D99D5600\",\"Value\":1},{\"Key\":\"F0FAAFFFA0030600E9A45600\",\"Value\":1},{\"Key\":\"BAE6AFFF630606007DC65600\",\"Value\":1},{\"Key\":\"EE0EB0FF0713060020195700\",\"Value\":1},{\"Key\":\"F2CAAFFF510606009DDC5600\",\"Value\":1},{\"Key\":\"F3BCAFFF4C03060083CD5600\",\"Value\":1},{\"Key\":\"2DA4AFFF1FFA050057905600\",\"Value\":1},{\"Key\":\"A1ADAFFFE7FC05003DA55600\",\"Value\":1},{\"Key\":\"E999AFFF2BFA05000A9C5600\",\"Value\":1},{\"Key\":\"A49FAFFF4403060080EA5600\",\"Value\":1},{\"Key\":\"79A2AFFFF90006004BCF5600\",\"Value\":1},{\"Key\":\"9D75ADFFA2D6050062CE5600\",\"Value\":1},{\"Key\":\"ED5AAFFF2A01060096095700\",\"Value\":1},{\"Key\":\"F221AFFFA7F105009B9C5600\",\"Value\":1},{\"Key\":\"9F19AFFFB5F00500968F5600\",\"Value\":1},{\"Key\":\"2360B0FFF905060083785600\",\"Value\":1},{\"Key\":\"D802B0FFE2FD05009C6C5600\",\"Value\":1},{\"Key\":\"9B99AEFF7CE505007B885600\",\"Value\":1},{\"Key\":\"9BC9ADFF39D60500C54A5600\",\"Value\":1},{\"Key\":\"BD96AEFFE2F205002BF05600\",\"Value\":1},{\"Key\":\"868BAEFFE1F0050003E55600\",\"Value\":1},{\"Key\":\"E8C7ADFF24D605007A305600\",\"Value\":1},{\"Key\":\"7FAFAFFF89F6050039685600\",\"Value\":1},{\"Key\":\"1C9BAFFFC4F4050038645600\",\"Value\":1},{\"Key\":\"7792ADFF1ADA05006FCD5600\",\"Value\":1},{\"Key\":\"8790ADFF13DD05008DE85600\",\"Value\":1},{\"Key\":\"0D79ADFF0ECC050073645600\",\"Value\":1},{\"Key\":\"C808AEFF6FD60500162B5600\",\"Value\":1},{\"Key\":\"3AD5ADFF60E30500C3E75600\",\"Value\":1},{\"Key\":\"B85FADFFC9D005003BB15600\",\"Value\":1},{\"Key\":\"BE54ADFF24CF0500C9AF5600\",\"Value\":1},{\"Key\":\"FE4EADFFDBC30500183D5600\",\"Value\":1},{\"Key\":\"F086AEFF1FDE050030715600\",\"Value\":3},{\"Key\":\"036AAEFF49D805001B6B5600\",\"Value\":3},{\"Key\":\"D2FBADFF6FD60500A4025600\",\"Value\":1},{\"Key\":\"7940AEFF6FD60500A3595600\",\"Value\":1},{\"Key\":\"4DEEADFF6FD6050009F65500\",\"Value\":1},{\"Key\":\"A88DADFFE3CB0500FDC65500\",\"Value\":1},{\"Key\":\"8D89ADFFBCC9050066B15500\",\"Value\":1},{\"Key\":\"9D78ADFF9FC4050036AD5500\",\"Value\":1},{\"Key\":\"FE68ADFF44C10500AFBB5500\",\"Value\":1},{\"Key\":\"CF55ADFFE9BD050019BA5500\",\"Value\":1},{\"Key\":\"A025ADFFEEB8050053DF5500\",\"Value\":1},{\"Key\":\"E115ADFFD3B80500FCF95500\",\"Value\":1},{\"Key\":\"9509ADFFEBB80500150F5600\",\"Value\":1},{\"Key\":\"D704ADFFECB8050024235600\",\"Value\":1},{\"Key\":\"5736ADFFD8BE050070185600\",\"Value\":1},{\"Key\":\"6436ADFF1CB9050023AE5500\",\"Value\":1},{\"Key\":\"331EADFF09B605006AB15500\",\"Value\":1},{\"Key\":\"8524ADFFC3B5050057975500\",\"Value\":1},{\"Key\":\"F30FAEFF6FD60500CA5A5600\",\"Value\":1},{\"Key\":\"BFEFADFF6FD605006B645600\",\"Value\":1},{\"Key\":\"D3E4ADFF6FD6050072575600\",\"Value\":1},{\"Key\":\"CDA4ADFFCAD305007D7D5600\",\"Value\":1},{\"Key\":\"D857ADFF82C30500E3215600\",\"Value\":1},{\"Key\":\"269DADFF8DD1050076455600\",\"Value\":1},{\"Key\":\"C654AEFF6FD605000F595600\",\"Value\":1},{\"Key\":\"B290AFFF1D0D0600CD525700\",\"Value\":1},{\"Key\":\"0EFAAFFF4F260600F0165800\",\"Value\":1},{\"Key\":\"22F8AFFF882906002D405800\",\"Value\":1},{\"Key\":\"FBD9AFFFB5280600B3485800\",\"Value\":1},{\"Key\":\"CBA6AFFF172C0600DE955800\",\"Value\":1},{\"Key\":\"46A2AFFF66290600CF755800\",\"Value\":1},{\"Key\":\"7459AFFFEE2A060090EA5800\",\"Value\":1},{\"Key\":\"694FAFFFF028060044E25800\",\"Value\":1},{\"Key\":\"5B3CAFFF4E2A06007D065900\",\"Value\":1},{\"Key\":\"1E2DAFFFBD290600232B5900\",\"Value\":1},{\"Key\":\"ECB0AFFFCA380600A5995A00\",\"Value\":1},{\"Key\":\"C059AFFF423106006BDF5900\",\"Value\":1},{\"Key\":\"6474AFFFD4340600AEE85900\",\"Value\":1},{\"Key\":\"4078AFFFCA340600FB0A5A00\",\"Value\":1},{\"Key\":\"6153AFFF4A3106003FB35900\",\"Value\":1},{\"Key\":\"46D5AFFF163C06005CD55A00\",\"Value\":1},{\"Key\":\"BB79AFFF853406002E205A00\",\"Value\":1},{\"Key\":\"5B41B3FFD7CC05007E6F5D00\",\"Value\":3},{\"Key\":\"B74AB3FF1EBD0500D6B05D00\",\"Value\":1},{\"Key\":\"0764B3FF9E800500B88E5E00\",\"Value\":1},{\"Key\":\"8DA0B3FF85610500D5DB5E00\",\"Value\":1},{\"Key\":\"F5FDB3FF7F2F050099445F00\",\"Value\":1},{\"Key\":\"5702B4FFED2C050065525F00\",\"Value\":1},{\"Key\":\"6AC8B4FFEEF60400DA0C6000\",\"Value\":1},{\"Key\":\"8C09B5FF8FD804009D286000\",\"Value\":1},{\"Key\":\"244FB5FFC9BB040068836000\",\"Value\":1},{\"Key\":\"5622B6FF51500400D4616000\",\"Value\":1},{\"Key\":\"643BB6FFCA45040077696000\",\"Value\":1},{\"Key\":\"4128B8FFAA6F0300AF9F6000\",\"Value\":1},{\"Key\":\"DA34B8FF936D0300EBAD6000\",\"Value\":1},{\"Key\":\"8439B8FFED6D0300F1BE6000\",\"Value\":1},{\"Key\":\"E6DAB8FF82320300C9796100\",\"Value\":1},{\"Key\":\"2E6DBBFF3B4D020099226200\",\"Value\":1},{\"Key\":\"936EBBFF98490200A4316200\",\"Value\":1},{\"Key\":\"CE76BBFF3446020063436200\",\"Value\":1},{\"Key\":\"1A7EBBFF38470200FB3A6200\",\"Value\":1},{\"Key\":\"28E3BBFFFD3D020037D06300\",\"Value\":3},{\"Key\":\"38C1BBFF133C0200BEDC6300\",\"Value\":3},{\"Key\":\"9EDDBBFF873302008F026400\",\"Value\":2},{\"Key\":\"B9F2BBFFA0420200B3C66200\",\"Value\":2},{\"Key\":\"E7F5BBFFE74102006DE66200\",\"Value\":2},{\"Key\":\"1624BCFF21410200A2A56300\",\"Value\":2},{\"Key\":\"AA2DBCFF34370200A2026400\",\"Value\":2},{\"Key\":\"A7C5BAFF504902006EE96300\",\"Value\":2},{\"Key\":\"B2E6BAFF24490200D0E06300\",\"Value\":2},{\"Key\":\"EB3BBBFFF53F02008ADA6300\",\"Value\":2},{\"Key\":\"2862BBFFAC2E0200194B6400\",\"Value\":2},{\"Key\":\"29A5BBFFAD2A0200E4256400\",\"Value\":2},{\"Key\":\"69E6BBFF4719020083566400\",\"Value\":2},{\"Key\":\"66C1BBFF87EC010079F16400\",\"Value\":1},{\"Key\":\"D901BCFF0AA30100DEBF6500\",\"Value\":3},{\"Key\":\"FDA3BBFFB1F2010049DB6400\",\"Value\":1},{\"Key\":\"5B9DBBFF50E0010008476500\",\"Value\":3},{\"Key\":\"DED9BBFF87C50100877A6500\",\"Value\":1},{\"Key\":\"93ECBBFFD4C30100C47E6500\",\"Value\":1},{\"Key\":\"E3EDBBFF7A000200C8A66400\",\"Value\":1},{\"Key\":\"17EBBBFF9DFD010055B06400\",\"Value\":1},{\"Key\":\"9FEEBBFF7DBC0100588A6500\",\"Value\":1},{\"Key\":\"F7E9BBFF1BF4010000D16400\",\"Value\":1},{\"Key\":\"F8FBBBFFEF800100301C6600\",\"Value\":1},{\"Key\":\"DEC4BBFFD67B01005B2A6600\",\"Value\":1},{\"Key\":\"FFD1BBFF0772010075476600\",\"Value\":1},{\"Key\":\"15E0BBFF5BE80100D50B6500\",\"Value\":1},{\"Key\":\"E5EABBFF476C01003B596600\",\"Value\":1},{\"Key\":\"94E0BBFFDE68010060646600\",\"Value\":1},{\"Key\":\"57F6BBFF16E701006E266500\",\"Value\":1},{\"Key\":\"79E2BBFF15E70100FE1C6500\",\"Value\":1},{\"Key\":\"08E7BBFF8DE501006F306500\",\"Value\":1},{\"Key\":\"32E9BBFFEAD80100775B6500\",\"Value\":1},{\"Key\":\"2BEFBBFF837501004E3C6600\",\"Value\":1},{\"Key\":\"31D7BBFF25A101001CBF6500\",\"Value\":1},{\"Key\":\"7CCABAFF924E010090AB6700\",\"Value\":1},{\"Key\":\"31C0BAFFC64E0100CDAC6700\",\"Value\":1},{\"Key\":\"B99FBAFFE81B010006CB6800\",\"Value\":1},{\"Key\":\"61AEBAFFC81B0100ABB86800\",\"Value\":1},{\"Key\":\"DE00BBFF1310010007966800\",\"Value\":1},{\"Key\":\"AF35BBFF15150100E3666800\",\"Value\":1},{\"Key\":\"926EBBFF11260100AFF46700\",\"Value\":1},{\"Key\":\"977BBAFFEA36010045596800\",\"Value\":1},{\"Key\":\"7391BAFF50FE0000AE9F6900\",\"Value\":1},{\"Key\":\"D888BAFF93000100B6946900\",\"Value\":1},{\"Key\":\"0B74BAFF96060100307B6900\",\"Value\":1},{\"Key\":\"4C72BAFF9605010013836900\",\"Value\":1},{\"Key\":\"4360BAFFFC0B0100F96B6900\",\"Value\":1},{\"Key\":\"644DBAFFEB0901006E896900\",\"Value\":1},{\"Key\":\"F58FBAFF20F800003DF26900\",\"Value\":1},{\"Key\":\"388EBAFFE5FB00006DCD6900\",\"Value\":1},{\"Key\":\"1B89BAFF8CFD000062BC6900\",\"Value\":1},{\"Key\":\"7275BAFFA0FE0000A7DA6900\",\"Value\":1},{\"Key\":\"FC81BAFF52FD00006FBC6900\",\"Value\":1},{\"Key\":\"885EBAFF7F0301002FA66900\",\"Value\":1},{\"Key\":\"1E54BAFF2D0601001D9B6900\",\"Value\":1},{\"Key\":\"0157BAFF6611010053576900\",\"Value\":1},{\"Key\":\"7F3BBAFF51150100E45B6900\",\"Value\":1},{\"Key\":\"C94BBAFFC916010059456900\",\"Value\":1},{\"Key\":\"E767BAFF24190100211B6900\",\"Value\":1},{\"Key\":\"168DBBFF8FE40000D9FF6900\",\"Value\":1},{\"Key\":\"9B84BAFFA0F0000000166B00\",\"Value\":1},{\"Key\":\"5980AFFFCEEF00004DA06C00\",\"Value\":1},{\"Key\":\"43AA9BFF630E01006E496000\",\"Value\":3},{\"Key\":\"D2709BFFFC0C010006F35F00\",\"Value\":3},{\"Key\":\"D6569BFF940B010057925F00\",\"Value\":3},{\"Key\":\"883D91FF77E3000050ED4400\",\"Value\":1},{\"Key\":\"CF5291FFD6FC0000C7C03F00\",\"Value\":1},{\"Key\":\"A75491FF680201004AA73F00\",\"Value\":1},{\"Key\":\"654E91FF9A080100A2683F00\",\"Value\":1},{\"Key\":\"6E4891FF620801002B583F00\",\"Value\":1},{\"Key\":\"BA5A91FFE409010054463F00\",\"Value\":1},{\"Key\":\"294B91FF6B0801009E293F00\",\"Value\":1},{\"Key\":\"696691FFC80B0100EC1E3F00\",\"Value\":1},{\"Key\":\"385A91FFFE090100D0113F00\",\"Value\":1},{\"Key\":\"455291FF4F08010070023F00\",\"Value\":1},{\"Key\":\"586691FF4C0A0100ADF83E00\",\"Value\":1},{\"Key\":\"6F6091FFC0080100E7F03E00\",\"Value\":1},{\"Key\":\"F55F91FF93050100C4DD3E00\",\"Value\":1},{\"Key\":\"F26591FF9D020100A5C83E00\",\"Value\":1},{\"Key\":\"EB5591FF4B020100C8B33E00\",\"Value\":1},{\"Key\":\"FC4597FF84F000006A823800\",\"Value\":1},{\"Key\":\"F97297FFB2EE000083513800\",\"Value\":1},{\"Key\":\"593897FFF6FD0000BBCD3800\",\"Value\":1},{\"Key\":\"454497FF5FFF000065C03800\",\"Value\":1},{\"Key\":\"967197FF71130100D1C03800\",\"Value\":1},{\"Key\":\"1B8497FF9716010049B73800\",\"Value\":1},{\"Key\":\"E58997FFBC1201001DA73800\",\"Value\":1},{\"Key\":\"A48097FF290B0100AD9A3800\",\"Value\":1},{\"Key\":\"A28D97FF7B1001006F9E3800\",\"Value\":1},{\"Key\":\"2F9297FFD119010049B33800\",\"Value\":1},{\"Key\":\"41AC97FFA2080100B7753800\",\"Value\":1},{\"Key\":\"B4CD97FF9D080100F0613800\",\"Value\":1},{\"Key\":\"D4BB97FFDFFE000034533800\",\"Value\":1},{\"Key\":\"29BE97FFFCF80000E83F3800\",\"Value\":1},{\"Key\":\"3FE197FF27FD00000E273800\",\"Value\":1},{\"Key\":\"35E397FF6400010014313800\",\"Value\":1},{\"Key\":\"A3EA97FF39FE00005A1D3800\",\"Value\":1},{\"Key\":\"42EC97FF4CFD000007143800\",\"Value\":1},{\"Key\":\"0EFD97FF2302010070003800\",\"Value\":1},{\"Key\":\"AFB09AFF57FD00007D9B3500\",\"Value\":1},{\"Key\":\"D0629BFF59FA00004C3C3500\",\"Value\":1},{\"Key\":\"09E39AFFE505010030A33500\",\"Value\":1},{\"Key\":\"B90D9BFF35090100B99F3500\",\"Value\":1},{\"Key\":\"1A549DFFCDEE00000B023100\",\"Value\":1},{\"Key\":\"3B1D9DFFBCF600009A8E3000\",\"Value\":1},{\"Key\":\"18129DFFE6F90000AC593000\",\"Value\":1},{\"Key\":\"9B079DFF311801003E312D00\",\"Value\":1},{\"Key\":\"8B099DFF0B150100CC162D00\",\"Value\":1},{\"Key\":\"C3389DFFE111010089D22C00\",\"Value\":1},{\"Key\":\"D779AAFF1415010046512200\",\"Value\":1},{\"Key\":\"364CAAFF481301002A262200\",\"Value\":1},{\"Key\":\"6B2FAAFF401301005F002200\",\"Value\":1},{\"Key\":\"CB0FAAFF9211010046E02100\",\"Value\":1},{\"Key\":\"05DC9BFF5AE900002ECC1A00\",\"Value\":1},{\"Key\":\"B7079CFFB6E9000091C01A00\",\"Value\":1},{\"Key\":\"5E099CFF16E9000011D91A00\",\"Value\":1},{\"Key\":\"EF149CFF4AE4000020C41B00\",\"Value\":1},{\"Key\":\"28249BFFCFE5000027621D00\",\"Value\":3},{\"Key\":\"6EF79CFFEEEA000067C11A00\",\"Value\":1},{\"Key\":\"78B89DFF2B060100F44E1B00\",\"Value\":1},{\"Key\":\"4EDF9DFF66ED000095C11B00\",\"Value\":1},{\"Key\":\"78079EFF58EE0000C9C91B00\",\"Value\":1},{\"Key\":\"6B089EFFD4EE0000E8C11B00\",\"Value\":1},{\"Key\":\"99149EFFF6EE00006BCE1B00\",\"Value\":1},{\"Key\":\"2DED9BFFF8EE00001C661A00\",\"Value\":1},{\"Key\":\"3D8B9BFFDBFA0000E7DA1800\",\"Value\":1},{\"Key\":\"A2B39FFF87FE0000CD7B1B00\",\"Value\":3},{\"Key\":\"27E49FFFABFF000065711B00\",\"Value\":1},{\"Key\":\"B1159BFFB0F70000D4761800\",\"Value\":1},{\"Key\":\"EF1E9CFF7BF100001D5A1A00\",\"Value\":1},{\"Key\":\"A2229CFF31F20000C3501A00\",\"Value\":1},{\"Key\":\"8B049CFF7EF70000EEFC1900\",\"Value\":1},{\"Key\":\"4C4E9BFFC500010084C51700\",\"Value\":1},{\"Key\":\"F0B99BFF31FD0000AA5E1800\",\"Value\":1},{\"Key\":\"29E49BFF87FC0000DFC51800\",\"Value\":1},{\"Key\":\"19C29CFF55E90000A2B81A00\",\"Value\":1},{\"Key\":\"C0CE9CFF16E9000053DE1A00\",\"Value\":1},{\"Key\":\"3BF29BFFA5ED00009E801A00\",\"Value\":1},{\"Key\":\"30609FFF34F0000090D11C00\",\"Value\":1},{\"Key\":\"B22EA2FFD834010052901A00\",\"Value\":1},{\"Key\":\"CC54A2FF31310100DE8B1A00\",\"Value\":1},{\"Key\":\"2C93ADFFC0C901000AFC1800\",\"Value\":1},{\"Key\":\"3BD2ADFF76CE01001BFD1800\",\"Value\":1},{\"Key\":\"C82CADFFFBBC0100620B1900\",\"Value\":1},{\"Key\":\"1866ADFF81C401007FEA1800\",\"Value\":1},{\"Key\":\"2DF1ADFF79D0010053061900\",\"Value\":1},{\"Key\":\"1A45ADFF8CC0010039081900\",\"Value\":1},{\"Key\":\"AB61ADFF69C4010019011900\",\"Value\":1},{\"Key\":\"D605AEFF19D10100B0F71800\",\"Value\":1},{\"Key\":\"C47AAEFFE1DA0100851F1900\",\"Value\":1},{\"Key\":\"9B2EADFFDCBC01000EEC1800\",\"Value\":1},{\"Key\":\"8C9BAEFFDDDF010057451900\",\"Value\":1},{\"Key\":\"BD99ACFF68BC0100DF051900\",\"Value\":1},{\"Key\":\"FB9CACFFD8BD01005EFA1800\",\"Value\":1},{\"Key\":\"11AFACFFEFB90100A6FC1800\",\"Value\":1},{\"Key\":\"58BDAEFFAFE2010003481900\",\"Value\":1},{\"Key\":\"E8B6ACFF24BA010082F41800\",\"Value\":1},{\"Key\":\"7FD0ACFF00B801008FEC1800\",\"Value\":1},{\"Key\":\"5FE2ACFF38B60100A2EC1800\",\"Value\":1},{\"Key\":\"79E9ACFF77B401002AF81800\",\"Value\":1},{\"Key\":\"62F3AEFF4AE901006F5C1900\",\"Value\":1},{\"Key\":\"24F3ACFF65B501004BF21800\",\"Value\":1},{\"Key\":\"AE0AAFFFDDEC010072641900\",\"Value\":1},{\"Key\":\"040DAFFFEEEB010054511900\",\"Value\":1},{\"Key\":\"770AADFF28B701006AEC1800\",\"Value\":1},{\"Key\":\"6B0DADFF90B70100E3FD1800\",\"Value\":1},{\"Key\":\"260DADFFDBB7010083061900\",\"Value\":1},{\"Key\":\"C515ADFFD7B8010038FC1800\",\"Value\":1},{\"Key\":\"9F28ADFFEEBB0100C7FB1800\",\"Value\":1},{\"Key\":\"B721AFFF25F00100DD641900\",\"Value\":1},{\"Key\":\"7557AFFF2DFA010027781900\",\"Value\":1},{\"Key\":\"E144ADFF2BC00100C0E81800\",\"Value\":1},{\"Key\":\"34ACADFF72CB0100EEEB1800\",\"Value\":1},{\"Key\":\"93C0ADFFC5CC010004E71800\",\"Value\":1},{\"Key\":\"0C39AFFF35F40100C76B1900\",\"Value\":1},{\"Key\":\"5CA2AEFF59DC01009FF71800\",\"Value\":1},{\"Key\":\"B731AFFFD2F301006C771900\",\"Value\":1},{\"Key\":\"FF3EAFFF5FF50100636E1900\",\"Value\":1},{\"Key\":\"C7FCAEFF77E801002E371900\",\"Value\":1},{\"Key\":\"C436AFFF8FF00100DC2C1900\",\"Value\":1},{\"Key\":\"3134AFFFBDF001007A3E1900\",\"Value\":1},{\"Key\":\"784BAFFF05F40100052F1900\",\"Value\":1},{\"Key\":\"F844AFFF7DF301002B3E1900\",\"Value\":1},{\"Key\":\"5955AFFF72F60100D13E1900\",\"Value\":1},{\"Key\":\"F751AFFF2CF50100282F1900\",\"Value\":1},{\"Key\":\"8564AFFFA6F80100E3301900\",\"Value\":1},{\"Key\":\"0778AFFF26FD01007B421900\",\"Value\":1},{\"Key\":\"F36DAFFF12FB0100A83E1900\",\"Value\":1},{\"Key\":\"8936B0FF4D2F0200E5A21900\",\"Value\":1},{\"Key\":\"AE79AFFFACFC0100FB2C1900\",\"Value\":1},{\"Key\":\"1238B0FFA92E020006961900\",\"Value\":1},{\"Key\":\"A24BB0FF49330200719F1900\",\"Value\":1},{\"Key\":\"E2B4B0FFAF4C0200F9C51900\",\"Value\":1},{\"Key\":\"8C90B0FF3243020028B71900\",\"Value\":1},{\"Key\":\"4890B0FF97440200BCC81900\",\"Value\":1},{\"Key\":\"DD9DB0FF11470200D7C31900\",\"Value\":1},{\"Key\":\"1F25B0FF8A26020075531900\",\"Value\":1},{\"Key\":\"9726B0FF7527020057651900\",\"Value\":1},{\"Key\":\"5F42B0FF0F2E020000701900\",\"Value\":1},{\"Key\":\"193EB0FF992D020075771900\",\"Value\":1},{\"Key\":\"A75AB0FFAF3202000B651900\",\"Value\":1},{\"Key\":\"CE51B0FFC331020090771900\",\"Value\":1},{\"Key\":\"835CB0FF503402009C7E1900\",\"Value\":1},{\"Key\":\"2884B0FF953D0200E1911900\",\"Value\":1},{\"Key\":\"34AAB0FFF5470200A8A81900\",\"Value\":1},{\"Key\":\"B3B6B0FF8F4B020007B21900\",\"Value\":1},{\"Key\":\"C8A5B1FFA895020023331A00\",\"Value\":1},{\"Key\":\"BF5FB1FFD2830200891C1A00\",\"Value\":1},{\"Key\":\"68C5B1FF069D0200602F1A00\",\"Value\":1},{\"Key\":\"93C1B1FF0C9D0200103D1A00\",\"Value\":1},{\"Key\":\"5D73B1FF57880200F5111A00\",\"Value\":1},{\"Key\":\"07D5B1FFBCA002008A351A00\",\"Value\":1},{\"Key\":\"653DB0FF9033020015C61900\",\"Value\":1},{\"Key\":\"B601B1FF5A690200E9121A00\",\"Value\":1},{\"Key\":\"6045B1FF5F800200F5361A00\",\"Value\":1},{\"Key\":\"9F4EB2FFC3BD020065A71A00\",\"Value\":1},{\"Key\":\"924DB2FF26BE02000AAE1A00\",\"Value\":1},{\"Key\":\"2A6BB1FF5989020028371A00\",\"Value\":1},{\"Key\":\"0E6BB1FF7D88020011301A00\",\"Value\":1},{\"Key\":\"196EB2FF97C3020025B01A00\",\"Value\":1},{\"Key\":\"1C82B1FF738E02000A381A00\",\"Value\":1},{\"Key\":\"9F77B2FFACC5020072B81A00\",\"Value\":1},{\"Key\":\"E97FB2FF93C70200A2CA1A00\",\"Value\":1},{\"Key\":\"9694B2FF99CC02004FB61A00\",\"Value\":1},{\"Key\":\"F3B5B1FFCA9D02009C631A00\",\"Value\":1},{\"Key\":\"7715B3FF2FDE02004CDB1A00\",\"Value\":1},{\"Key\":\"B14AB3FFBDE902002BCA1A00\",\"Value\":1},{\"Key\":\"0B8DB2FF7ACA020021A31A00\",\"Value\":1},{\"Key\":\"0A6BB3FF58EF020021C41A00\",\"Value\":1},{\"Key\":\"50C9B3FFC80103002FD21A00\",\"Value\":1},{\"Key\":\"B4F6B3FF730A0300C1DC1A00\",\"Value\":1},{\"Key\":\"FA5AB3FF8BED0200ECEC1A00\",\"Value\":1},{\"Key\":\"F3FDB3FFB20B03008AE61A00\",\"Value\":1},{\"Key\":\"0104B4FFF20C030043D81A00\",\"Value\":1},{\"Key\":\"8320B4FFD2110300A1E21A00\",\"Value\":1},{\"Key\":\"24D8B3FFA5050300240E1B00\",\"Value\":1},{\"Key\":\"B8EAB3FF91080300C7FE1A00\",\"Value\":1},{\"Key\":\"CC0EB4FF920E03007B011B00\",\"Value\":1},{\"Key\":\"3636B4FFCE150300BD2F1B00\",\"Value\":1},{\"Key\":\"5CE0B4FFD73503008A2F1B00\",\"Value\":1},{\"Key\":\"44ECB4FF333803001F2F1B00\",\"Value\":1},{\"Key\":\"4703B5FF883C03005A2E1B00\",\"Value\":1},{\"Key\":\"7602B5FF613C03001F291B00\",\"Value\":1},{\"Key\":\"EA52B5FF254B0300DD271B00\",\"Value\":1},{\"Key\":\"8664B5FF5F4E0300CA2E1B00\",\"Value\":1},{\"Key\":\"428DB5FF92510300741D1B00\",\"Value\":1},{\"Key\":\"1B8FB5FF18520300750F1B00\",\"Value\":1},{\"Key\":\"EF97B5FF1653030032151B00\",\"Value\":1},{\"Key\":\"12A1B5FF7D540300621E1B00\",\"Value\":1},{\"Key\":\"56ADB5FFA3560300EA191B00\",\"Value\":1},{\"Key\":\"D742B6FF8B6C0300D0FE1A00\",\"Value\":1},{\"Key\":\"9D42B6FF4A6A0300E9D41A00\",\"Value\":1},{\"Key\":\"DC67B6FFA071030053DA1A00\",\"Value\":1},{\"Key\":\"E897B7FF7079030024EB1A00\",\"Value\":1},{\"Key\":\"A0B6B7FFF881030029E41A00\",\"Value\":1},{\"Key\":\"2DBFB7FF62840300ACE41A00\",\"Value\":1},{\"Key\":\"1CE5B7FFA38E0300FBF01A00\",\"Value\":1},{\"Key\":\"F000B8FF2B950300AFE21A00\",\"Value\":1},{\"Key\":\"280AB8FFE3970300AFE71A00\",\"Value\":1},{\"Key\":\"6EA5B8FF5AAC03009BFA1A00\",\"Value\":1},{\"Key\":\"38B1B8FF63AE0300E1011B00\",\"Value\":1},{\"Key\":\"70C8B8FFD0AE0300A7E61A00\",\"Value\":1},{\"Key\":\"0AF2B8FFBFB803005B031B00\",\"Value\":1},{\"Key\":\"CAF4B8FF16B7030023F11A00\",\"Value\":1},{\"Key\":\"91C9B8FF0DB303009E101B00\",\"Value\":1},{\"Key\":\"44DFB8FF2BB7030076101B00\",\"Value\":1},{\"Key\":\"345EB8FF3F9E0300C2BA1A00\",\"Value\":3},{\"Key\":\"A327BAFFC4CE03008D5E1C00\",\"Value\":1},{\"Key\":\"3249BAFF52D003003D6C1C00\",\"Value\":1},{\"Key\":\"0A50BAFFE4D103001C5F1C00\",\"Value\":1},{\"Key\":\"2F5EBAFF30D003003B861C00\",\"Value\":1},{\"Key\":\"B7CEBAFF3BD7030011BD1C00\",\"Value\":1},{\"Key\":\"EDEBBAFF6BD90300D7C91C00\",\"Value\":1},{\"Key\":\"600ABBFFB3DD030049C21C00\",\"Value\":1},{\"Key\":\"0DF6BAFFFDD7030011DD1C00\",\"Value\":1},{\"Key\":\"2B01BBFF20DC030098C71C00\",\"Value\":1},{\"Key\":\"2F10BBFF91DC030053D31C00\",\"Value\":1},{\"Key\":\"9F18BBFFBBDC0300A5DA1C00\",\"Value\":1},{\"Key\":\"B506BBFF48D70300BAF61C00\",\"Value\":1},{\"Key\":\"DB06BBFF47D5030025081D00\",\"Value\":1},{\"Key\":\"CC21BBFF7FD80300D20B1D00\",\"Value\":1},{\"Key\":\"2F36BBFF15DB030035181D00\",\"Value\":1},{\"Key\":\"A437BBFF86D903000E2A1D00\",\"Value\":1},{\"Key\":\"2A40BBFFBFDB030009211D00\",\"Value\":1},{\"Key\":\"7A42BBFF9FD80300BA3E1D00\",\"Value\":1},{\"Key\":\"BB41BBFFB7D70300C9451D00\",\"Value\":1},{\"Key\":\"525FBBFF58DC0300784D1D00\",\"Value\":1},{\"Key\":\"2D5DBBFFD9D803007E6C1D00\",\"Value\":1},{\"Key\":\"E177BBFFC6DD0300416A1D00\",\"Value\":1},{\"Key\":\"D575BBFF99D90300A9861D00\",\"Value\":1},{\"Key\":\"5683BBFF69DA0300A7921D00\",\"Value\":1},{\"Key\":\"8EB3BBFF65E30300C8901D00\",\"Value\":1},{\"Key\":\"85CFBBFF29E9030088921D00\",\"Value\":1},{\"Key\":\"47D7BBFFCDEB03001B851D00\",\"Value\":1},{\"Key\":\"E003BCFFA8F20300FE901D00\",\"Value\":1},{\"Key\":\"3408BCFFFAF30300A28A1D00\",\"Value\":1},{\"Key\":\"DC15BCFF6FF803006C751D00\",\"Value\":1},{\"Key\":\"4E26BCFF38F90300698B1D00\",\"Value\":1},{\"Key\":\"C137BCFFDDFC030051881D00\",\"Value\":1},{\"Key\":\"F443BCFFB5FF0300F4811D00\",\"Value\":1},{\"Key\":\"9361BCFFA105040054781D00\",\"Value\":1},{\"Key\":\"6771BCFF5F08040092801D00\",\"Value\":1},{\"Key\":\"4C8BBCFF710D0400EF6A1D00\",\"Value\":1},{\"Key\":\"706DBBFFDEE00300CC2C1D00\",\"Value\":1},{\"Key\":\"FB97BCFFDE0F04006A631D00\",\"Value\":1},{\"Key\":\"ACA2BCFF0F120400D3751D00\",\"Value\":1},{\"Key\":\"9F75BBFFC0E10300AE2F1D00\",\"Value\":1},{\"Key\":\"D877BBFF2EE00300D1541D00\",\"Value\":1},{\"Key\":\"EACFBCFF83190400E9741D00\",\"Value\":1},{\"Key\":\"9BDCBCFFF81B0400DA6E1D00\",\"Value\":1},{\"Key\":\"A7E2BCFFF01D040063601D00\",\"Value\":1},{\"Key\":\"C1E8BCFFE01D0400AB781D00\",\"Value\":1},{\"Key\":\"BB11BDFF0D25040009691D00\",\"Value\":1},{\"Key\":\"182ABDFF28280400B9601D00\",\"Value\":1},{\"Key\":\"0738BDFF3E2A040022521D00\",\"Value\":1},{\"Key\":\"F941BDFF1A29040017691D00\",\"Value\":1},{\"Key\":\"B426BCFFEEF60300FBA01D00\",\"Value\":1},{\"Key\":\"B855BDFF7B2C040022531D00\",\"Value\":1},{\"Key\":\"1138BCFF9EF90300CDAB1D00\",\"Value\":1},{\"Key\":\"E063BDFFBA2B0400845C1D00\",\"Value\":1},{\"Key\":\"9F3CBCFF4DFB030010A11D00\",\"Value\":1},{\"Key\":\"E090BDFFC02A0400405F1D00\",\"Value\":1},{\"Key\":\"9DACBDFFC02D04005D531D00\",\"Value\":1},{\"Key\":\"48D0BDFFEE2D0400465E1D00\",\"Value\":1},{\"Key\":\"DFA4BCFF9E1104004D8A1D00\",\"Value\":1},{\"Key\":\"3FDCBDFF24330400B4451D00\",\"Value\":1},{\"Key\":\"C0E6BDFF62350400123F1D00\",\"Value\":1},{\"Key\":\"ABF0BDFFD131040014561D00\",\"Value\":1},{\"Key\":\"81FFBDFF49380400A83D1D00\",\"Value\":1},{\"Key\":\"400FBEFF94380400D9451D00\",\"Value\":1},{\"Key\":\"5018BEFFA13704007C531D00\",\"Value\":1},{\"Key\":\"4C32BEFFB93B0400DE501D00\",\"Value\":1},{\"Key\":\"C43BBEFFFA3C04004B501D00\",\"Value\":1},{\"Key\":\"54C3BEFFF4530400B43E1D00\",\"Value\":1},{\"Key\":\"D4B4BEFF39530400B6311D00\",\"Value\":1},{\"Key\":\"7DDABEFF10580400ED341D00\",\"Value\":1},{\"Key\":\"F6DDBEFF13570400D8431D00\",\"Value\":1},{\"Key\":\"F83FBFFF2956040023131D00\",\"Value\":1},{\"Key\":\"6C52BFFFE3530400B2221D00\",\"Value\":1},{\"Key\":\"DFC0BEFFFD55040049211D00\",\"Value\":1},{\"Key\":\"9365BFFFDB510400F8271D00\",\"Value\":1},{\"Key\":\"51D0BEFF2E5804004D191D00\",\"Value\":1},{\"Key\":\"8872BFFF615004007B1E1D00\",\"Value\":1},{\"Key\":\"1B7FBFFF465004003E221D00\",\"Value\":1},{\"Key\":\"1F9FBFFFEB500400D0231D00\",\"Value\":1},{\"Key\":\"2EA5BFFFE45004006D221D00\",\"Value\":1},{\"Key\":\"FDBBBFFFD0500400F51E1D00\",\"Value\":1},{\"Key\":\"5DCCBFFF57520400F7291D00\",\"Value\":1},{\"Key\":\"9C22C0FFB64B0400902A1D00\",\"Value\":1},{\"Key\":\"971EC0FFD74D040096311D00\",\"Value\":1},{\"Key\":\"A02DC0FF014C040073321D00\",\"Value\":1},{\"Key\":\"2147C0FFF3440400AC2B1D00\",\"Value\":1},{\"Key\":\"5546C0FF9C460400EC311D00\",\"Value\":1},{\"Key\":\"98F0C0FFCC390400C3571D00\",\"Value\":1},{\"Key\":\"8507C1FFDB390400CE501D00\",\"Value\":1},{\"Key\":\"3A09C1FFAE3B04009F611D00\",\"Value\":1},{\"Key\":\"253BC1FFC1420400036F1D00\",\"Value\":3},{\"Key\":\"1381C1FFAC5204006D891D00\",\"Value\":1},{\"Key\":\"269AC1FFC65404000B761D00\",\"Value\":1},{\"Key\":\"5200C2FFC16704001B461D00\",\"Value\":1},{\"Key\":\"A740C2FF447204007F101D00\",\"Value\":1},{\"Key\":\"D854C2FF0C78040075161D00\",\"Value\":1},{\"Key\":\"D65FC2FF867904009D031D00\",\"Value\":1},{\"Key\":\"B47CC2FF8A81040000051D00\",\"Value\":1},{\"Key\":\"3390C2FF6687040058181D00\",\"Value\":1},{\"Key\":\"DA9FC2FF218B0400EAFF1C00\",\"Value\":1},{\"Key\":\"CA99C2FF688904008E021D00\",\"Value\":1},{\"Key\":\"07EDC2FF929E0400F50E1D00\",\"Value\":1},{\"Key\":\"B6E3C2FFE99B040036181D00\",\"Value\":1},{\"Key\":\"C3F9C2FF4DA0040078231D00\",\"Value\":1},{\"Key\":\"A2FFC2FFBBA104001A231D00\",\"Value\":1},{\"Key\":\"1319C3FF95A804007A1E1D00\",\"Value\":1},{\"Key\":\"9185C3FF62D304009B6E1D00\",\"Value\":1},{\"Key\":\"397FC3FF94D1040011741D00\",\"Value\":1},{\"Key\":\"B6AFC3FF1EE30400C67F1D00\",\"Value\":1},{\"Key\":\"9FD8C3FF26F60400FB9B1D00\",\"Value\":1},{\"Key\":\"48EEC3FF56FC0400FF971D00\",\"Value\":1},{\"Key\":\"5C03C4FF700505002FB01D00\",\"Value\":1},{\"Key\":\"F906C4FFF002050044941D00\",\"Value\":1},{\"Key\":\"3F31C4FF0B10050066B51D00\",\"Value\":1},{\"Key\":\"9C48C4FFB0150500BDC41D00\",\"Value\":1},{\"Key\":\"5F86C4FFB01E0500ABD51D00\",\"Value\":1},{\"Key\":\"6CAFC4FF6A24050043F21D00\",\"Value\":1},{\"Key\":\"3FB6C4FF6B2705009F0B1E00\",\"Value\":1},{\"Key\":\"A3C6C4FF1025050045EB1D00\",\"Value\":1},{\"Key\":\"B0D0C4FF0F2A050056111E00\",\"Value\":1},{\"Key\":\"15DDC4FF592A05009A0D1E00\",\"Value\":1},{\"Key\":\"37DDC4FF6B2C0500ED201E00\",\"Value\":1},{\"Key\":\"3EF6C4FFA22C05008D161E00\",\"Value\":1},{\"Key\":\"4DF3C4FFC62E0500742A1E00\",\"Value\":1},{\"Key\":\"AE06C5FF372F0500E1231E00\",\"Value\":1},{\"Key\":\"BE16C5FF67310500B32C1E00\",\"Value\":1},{\"Key\":\"532BC5FFC23405002D3E1E00\",\"Value\":1},{\"Key\":\"D3A1C5FFF74A0500DA831E00\",\"Value\":1},{\"Key\":\"13C3C5FFA45205005C8B1E00\",\"Value\":1},{\"Key\":\"04CFC5FF435605005D7B1E00\",\"Value\":1},{\"Key\":\"B0D4C5FF36560500F78D1E00\",\"Value\":1},{\"Key\":\"25D8C5FFB657050015831E00\",\"Value\":1},{\"Key\":\"32ECC5FFEE5B05007E831E00\",\"Value\":1},{\"Key\":\"A62DC6FFA768050079961E00\",\"Value\":1},{\"Key\":\"186DC6FF427F0500E4A31E00\",\"Value\":1},{\"Key\":\"6372C6FF5A810500D9B31E00\",\"Value\":1},{\"Key\":\"F383C6FF67880500F5AF1E00\",\"Value\":1},{\"Key\":\"5D83C6FF2A880500F2A81E00\",\"Value\":1},{\"Key\":\"DBB4C6FF0D9B0500B1B61E00\",\"Value\":1},{\"Key\":\"0FC8C6FF96A1050088AF1E00\",\"Value\":1},{\"Key\":\"95DDC6FFB2A70500E8C81E00\",\"Value\":1},{\"Key\":\"B6F6C6FFC4AF0500D5AF1E00\",\"Value\":1},{\"Key\":\"2B06C7FF2BB30500A1B81E00\",\"Value\":1},{\"Key\":\"A21EC7FF6BB7050059CA1E00\",\"Value\":1},{\"Key\":\"6754C1FFD65804007AC41D00\",\"Value\":3},{\"Key\":\"E649C7FFC2BD050055D81E00\",\"Value\":1},{\"Key\":\"8729C1FF645D0400E0DB1D00\",\"Value\":3},{\"Key\":\"032DC1FFAE52040039BF1D00\",\"Value\":3},{\"Key\":\"1654C7FF5DC1050014BB1E00\",\"Value\":1},{\"Key\":\"4D65C7FF61C20500AFC71E00\",\"Value\":1},{\"Key\":\"FA74C7FF13C40500ACC21E00\",\"Value\":1},{\"Key\":\"1B14C1FF2E540400D3C31D00\",\"Value\":3},{\"Key\":\"09A0C7FF2EC40500D2D71E00\",\"Value\":1},{\"Key\":\"75B1C7FFC4C3050032DC1E00\",\"Value\":1},{\"Key\":\"C3EFC0FF166204008AE11D00\",\"Value\":3},{\"Key\":\"E012C1FFA43D04008F6B1D00\",\"Value\":3},{\"Key\":\"70ECC7FF10C70500EAE01E00\",\"Value\":1},{\"Key\":\"A8FFC7FF37CA050010E11E00\",\"Value\":1},{\"Key\":\"D6FEC7FF54C90500BEEB1E00\",\"Value\":1},{\"Key\":\"6E0AC8FF1FCB0500FCEE1E00\",\"Value\":1},{\"Key\":\"0DCCC0FF16690400BCE61D00\",\"Value\":3},{\"Key\":\"CE28C8FF97D20500F2E21E00\",\"Value\":1},{\"Key\":\"1137C8FF15D605000AF01E00\",\"Value\":1},{\"Key\":\"4C80C1FF975C040052B31D00\",\"Value\":3},{\"Key\":\"B04BC8FF1ADC050093ED1E00\",\"Value\":1},{\"Key\":\"2560C8FF58E2050037F41E00\",\"Value\":1},{\"Key\":\"E75FC8FF92E20500E9081F00\",\"Value\":1},{\"Key\":\"D3A1C8FFA7F50500B9021F00\",\"Value\":1},{\"Key\":\"05E3C8FFE1090600C8131F00\",\"Value\":1},{\"Key\":\"F9F8C8FF7D0F06005C1B1F00\",\"Value\":1},{\"Key\":\"5F0BC9FF85130600D81A1F00\",\"Value\":1},{\"Key\":\"8231C9FF781A0600E62D1F00\",\"Value\":1},{\"Key\":\"7155C9FFB3200600242A1F00\",\"Value\":1},{\"Key\":\"F17CC9FF1D270600F52C1F00\",\"Value\":1},{\"Key\":\"867FC9FFCD2706006A351F00\",\"Value\":1},{\"Key\":\"FE90C9FF242B06000B411F00\",\"Value\":1},{\"Key\":\"89A2C9FFE72D060049381F00\",\"Value\":1},{\"Key\":\"894ECAFF063A0600F54A1F00\",\"Value\":1},{\"Key\":\"716BCAFF5D3B06002F491F00\",\"Value\":1},{\"Key\":\"6B62D1FFEC4C06007CCB1D00\",\"Value\":1},{\"Key\":\"AC63D1FFEC4C060039E01D00\",\"Value\":1},{\"Key\":\"C270D1FFEC4C06006ED51D00\",\"Value\":1},{\"Key\":\"4184D1FFEC4C0600D5C71D00\",\"Value\":1},{\"Key\":\"4287D1FFEC4C0600BAD41D00\",\"Value\":1},{\"Key\":\"2A9AD1FFEC4C060031DE1D00\",\"Value\":1},{\"Key\":\"1E9BD1FFEC4C060080C01D00\",\"Value\":1},{\"Key\":\"560AD2FFEC4C06007BBE1D00\",\"Value\":1},{\"Key\":\"491DD2FF144D060068BF1D00\",\"Value\":1},{\"Key\":\"8E2FD2FF0C4E0600BCB01D00\",\"Value\":1},{\"Key\":\"5346D2FF6350060022C11D00\",\"Value\":1},{\"Key\":\"EA49D2FF6D50060057B61D00\",\"Value\":1},{\"Key\":\"3F5CD2FFCD51060097C01D00\",\"Value\":1},{\"Key\":\"1067D2FF0E52060061B31D00\",\"Value\":1},{\"Key\":\"9C26C8FF65E9050047392000\",\"Value\":3},{\"Key\":\"9A87D2FFE35306002DC01D00\",\"Value\":1},{\"Key\":\"C837C8FF63ED0500B1302000\",\"Value\":3},{\"Key\":\"0F5EC8FF68F40500651D2000\",\"Value\":3},{\"Key\":\"E570C8FF20F7050093232000\",\"Value\":3},{\"Key\":\"E071C8FFD9F705003B092000\",\"Value\":3},{\"Key\":\"BDD9D2FF7C5D0600B8E01D00\",\"Value\":1},{\"Key\":\"88FCD2FF995F060099D71D00\",\"Value\":1},{\"Key\":\"B607D3FFC15C0600ABCC1D00\",\"Value\":1},{\"Key\":\"4D0FD3FFCC5E0600B1DD1D00\",\"Value\":1},{\"Key\":\"3621D3FFAE5D060034E71D00\",\"Value\":1},{\"Key\":\"3573D3FFBE5E0600A3D21D00\",\"Value\":1},{\"Key\":\"3980D3FF145D0600FDC41D00\",\"Value\":1},{\"Key\":\"1491D3FF1E5D06003BBF1D00\",\"Value\":1},{\"Key\":\"25A4D3FF555E060075BE1D00\",\"Value\":1},{\"Key\":\"56BAD3FF2E5F060052B71D00\",\"Value\":1},{\"Key\":\"E4C8D3FFEA620600F5C01D00\",\"Value\":1},{\"Key\":\"CFFED3FF2E67060093B41D00\",\"Value\":1},{\"Key\":\"5F0BD4FFA4660600C1A91D00\",\"Value\":1},{\"Key\":\"811ED4FF0B6A060055BA1D00\",\"Value\":1},{\"Key\":\"3A33D4FF7669060056B21D00\",\"Value\":1},{\"Key\":\"7EECD4FF676A0600A7CA1D00\",\"Value\":1},{\"Key\":\"3803D5FF966A060090D41D00\",\"Value\":1},{\"Key\":\"A712D5FF716A0600ADD71D00\",\"Value\":1},{\"Key\":\"6812D5FFE56A0600A6DD1D00\",\"Value\":1},{\"Key\":\"1F22D5FF806A060068DD1D00\",\"Value\":1},{\"Key\":\"7F2FD5FFC46A060094E31D00\",\"Value\":1},{\"Key\":\"708BD5FFBA66060047EC1D00\",\"Value\":1},{\"Key\":\"198CD5FF616606006ADF1D00\",\"Value\":1},{\"Key\":\"53A5D5FF2B65060061F11D00\",\"Value\":1},{\"Key\":\"DFB5D5FF5B6406000CF41D00\",\"Value\":1},{\"Key\":\"3DC8D5FF2563060090F81D00\",\"Value\":1},{\"Key\":\"4AC9D5FF17630600420E1E00\",\"Value\":1},{\"Key\":\"A2DCD5FFB461060034061E00\",\"Value\":1},{\"Key\":\"A6DBD5FFC6610600E7F41D00\",\"Value\":1},{\"Key\":\"28F6D5FF2960060050181E00\",\"Value\":1},{\"Key\":\"7848D6FFED5B0600AF1C1E00\",\"Value\":1},{\"Key\":\"0076D6FFFA5A0600A9481E00\",\"Value\":1},{\"Key\":\"D442CCFF9643060086231F00\",\"Value\":3},{\"Key\":\"E95DCCFF52430600381F1F00\",\"Value\":3},{\"Key\":\"57C2D6FFA95B0600C15B1E00\",\"Value\":1},{\"Key\":\"8D73CCFFDE420600BE1A1F00\",\"Value\":3},{\"Key\":\"50D5D6FF4E5C0600ED641E00\",\"Value\":1},{\"Key\":\"89F9D6FF035D0600C6681E00\",\"Value\":1},{\"Key\":\"840BCCFF3A4306009E301F00\",\"Value\":3},{\"Key\":\"7520D7FFFF5C060085661E00\",\"Value\":1},{\"Key\":\"0B4ED7FF84650600008A1E00\",\"Value\":1},{\"Key\":\"A264D7FF57660600658B1E00\",\"Value\":1},{\"Key\":\"81DCCCFF3A4306004D171F00\",\"Value\":3},{\"Key\":\"6463D7FF3F6A0600419F1E00\",\"Value\":1},{\"Key\":\"FCE9CCFF3D43060063221F00\",\"Value\":3},{\"Key\":\"758DD7FF2B6A0600E29B1E00\",\"Value\":1},{\"Key\":\"FA90CCFFDE420600A20E1F00\",\"Value\":3},{\"Key\":\"58F3CCFF324306004A0B1F00\",\"Value\":3},{\"Key\":\"6CFFCCFF2843060017171F00\",\"Value\":3},{\"Key\":\"F4DCCCFF3A430600510C1F00\",\"Value\":3},{\"Key\":\"1F11CDFF38430600F2FD1E00\",\"Value\":3},{\"Key\":\"FFECCCFF3443060094F81E00\",\"Value\":3},{\"Key\":\"6528CDFF3A43060045F61E00\",\"Value\":3},{\"Key\":\"1932CDFF3A430600A1011F00\",\"Value\":3},{\"Key\":\"102ACDFF3A4306004E171F00\",\"Value\":3},{\"Key\":\"5518CDFF0943060012F61E00\",\"Value\":3},{\"Key\":\"6C3DCDFF3A4306008C041F00\",\"Value\":3},{\"Key\":\"8243CDFF3A430600F6EA1E00\",\"Value\":3},{\"Key\":\"CA5CCDFFDE420600B0D81E00\",\"Value\":3},{\"Key\":\"ABD9D8FF225206000CB41F00\",\"Value\":1},{\"Key\":\"D2ECD8FFB24D060077BB1F00\",\"Value\":1},{\"Key\":\"986FD9FF50390600E7AB1F00\",\"Value\":1},{\"Key\":\"B95CD9FFF147060036851F00\",\"Value\":1},{\"Key\":\"435FD9FFA74A0600CF7A1F00\",\"Value\":1},{\"Key\":\"E3FED9FF1E060600CC182000\",\"Value\":1},{\"Key\":\"8908DAFFD91B060052BE1F00\",\"Value\":1},{\"Key\":\"D918DAFF9C1006004BCF1F00\",\"Value\":1},{\"Key\":\"D615DAFF9A0F060095D71F00\",\"Value\":1},{\"Key\":\"3E27DAFFF20706000CDC1F00\",\"Value\":1},{\"Key\":\"523FDAFF8BDF05002E592000\",\"Value\":1},{\"Key\":\"A27ADAFFEAB305002E7A2100\",\"Value\":1},{\"Key\":\"007EDAFF3FB305006C912100\",\"Value\":1},{\"Key\":\"AA7CDAFF3FB3050091A32100\",\"Value\":1},{\"Key\":\"C9B3DAFF12B50500A5382200\",\"Value\":1},{\"Key\":\"36B4DAFFF7B5050028732200\",\"Value\":1},{\"Key\":\"73B6DAFF57B8050007B72200\",\"Value\":1},{\"Key\":\"AD0ADAFF77BA05007B162200\",\"Value\":1},{\"Key\":\"953DD9FF5CDA05004A9B2100\",\"Value\":1},{\"Key\":\"C1D0D9FF51BE0500C0EF2100\",\"Value\":1},{\"Key\":\"ACF5D9FF25BB0500E4992200\",\"Value\":1},{\"Key\":\"187AD8FFC6FD05004F732100\",\"Value\":1},{\"Key\":\"B4E1D9FF25BB050001962200\",\"Value\":1},{\"Key\":\"BD5ED9FFB9C00500C0752200\",\"Value\":1},{\"Key\":\"2F38D9FF9BBF05005D912200\",\"Value\":1},{\"Key\":\"B6CFD8FF71CA0500A0A02200\",\"Value\":1},{\"Key\":\"63BBD8FF92CB050081A62200\",\"Value\":1},{\"Key\":\"B990D8FF8DD205007B882200\",\"Value\":1},{\"Key\":\"A4A5D7FFB7D40500C93F2300\",\"Value\":1},{\"Key\":\"F2A1DAFF24BA0500DBC02200\",\"Value\":1},{\"Key\":\"F8A6D6FFF3E605002EB12300\",\"Value\":3},{\"Key\":\"957FD7FFB8DB0500156B2300\",\"Value\":1},{\"Key\":\"BC9AD6FFF3E60500E7DD2300\",\"Value\":1},{\"Key\":\"80A4D6FFF3E6050008D22300\",\"Value\":3},{\"Key\":\"E373D6FF06E7050037A12300\",\"Value\":1},{\"Key\":\"908CD6FFF3E60500E7AD2300\",\"Value\":1},{\"Key\":\"0615D6FF640706005FA42300\",\"Value\":1},{\"Key\":\"DD3AD6FF28F50500D49F2300\",\"Value\":1},{\"Key\":\"F6A6D7FFED020600530C2200\",\"Value\":3},{\"Key\":\"DB68D6FF76F0050050F52300\",\"Value\":3},{\"Key\":\"1A2AD6FFC3FB0500409C2300\",\"Value\":1},{\"Key\":\"963DD6FF6AF905001CC22300\",\"Value\":1},{\"Key\":\"6D3BD6FFB7F80500F5B72300\",\"Value\":1},{\"Key\":\"8217D6FFB8FF050037812300\",\"Value\":1},{\"Key\":\"F365D6FF94E90500D7B12300\",\"Value\":3},{\"Key\":\"CD51D6FFF1E9050022752300\",\"Value\":1},{\"Key\":\"27BCD5FF542606009B872300\",\"Value\":1},{\"Key\":\"3126D6FFB7010600FFB22300\",\"Value\":3},{\"Key\":\"171AD6FFC209060089BB2300\",\"Value\":1},{\"Key\":\"2F64D7FF67DA0500AF1F2300\",\"Value\":3},{\"Key\":\"7B14D6FF34FE0500EC682300\",\"Value\":1},{\"Key\":\"AB4CD6FF39170600BF442400\",\"Value\":3},{\"Key\":\"F861D6FF0608060009332400\",\"Value\":3},{\"Key\":\"B64DD6FFA50B060056272400\",\"Value\":1},{\"Key\":\"CD60D6FF801A0600D1602400\",\"Value\":1},{\"Key\":\"F475D6FF661506006A652400\",\"Value\":1},{\"Key\":\"B862D6FFEF230600D3812400\",\"Value\":1},{\"Key\":\"3774D6FF05220600C5882400\",\"Value\":1},{\"Key\":\"4575D6FF262506008A952400\",\"Value\":1},{\"Key\":\"2C66D6FF502A060079A02400\",\"Value\":1},{\"Key\":\"BAC2D6FFF3E605009CE82300\",\"Value\":1},{\"Key\":\"82AED6FFF3E6050020F22300\",\"Value\":1},{\"Key\":\"1BC4D7FF84D5050054AF2300\",\"Value\":3},{\"Key\":\"91BFD7FF38D40500C87C2300\",\"Value\":3},{\"Key\":\"968CD6FF4DF50500082E2400\",\"Value\":1},{\"Key\":\"53C0D6FFF3E6050084C62300\",\"Value\":1},{\"Key\":\"169AD6FF78EF050000282400\",\"Value\":1},{\"Key\":\"C46DD7FF0AD90500893D2300\",\"Value\":1},{\"Key\":\"05B2D6FF8FF10500EE402400\",\"Value\":1},{\"Key\":\"19CDD7FFCFD305000C9D2300\",\"Value\":1},{\"Key\":\"63B3D6FF59EB05001F2E2400\",\"Value\":1},{\"Key\":\"37C2D6FF67F4050044522400\",\"Value\":1},{\"Key\":\"27C5D6FF24E705008F202400\",\"Value\":1},{\"Key\":\"FECDD6FFA2F70500AA602400\",\"Value\":1},{\"Key\":\"4ED3D6FF62E90500C73A2400\",\"Value\":1},{\"Key\":\"52D3D6FFD4EE05000E4E2400\",\"Value\":1},{\"Key\":\"D6D3D6FF0DE7050082242400\",\"Value\":1},{\"Key\":\"B3E2D6FFBEED05004E532400\",\"Value\":1},{\"Key\":\"1B09D8FFACCE0500E16E2300\",\"Value\":1},{\"Key\":\"1353D8FF5DCB05004C502300\",\"Value\":1},{\"Key\":\"6F9FD8FF12C20500303D2300\",\"Value\":1},{\"Key\":\"A2DED7FFAACF05000D7D2300\",\"Value\":1},{\"Key\":\"C7F5D7FF20CE050011752300\",\"Value\":1},{\"Key\":\"0721D7FF80E5050069462300\",\"Value\":1},{\"Key\":\"0248D7FF06DD0500203D2300\",\"Value\":1},{\"Key\":\"EF58D7FF07DB050025432300\",\"Value\":1},{\"Key\":\"9265D8FF35C90500E9922300\",\"Value\":1},{\"Key\":\"B764D8FF22C90500A3A42300\",\"Value\":1},{\"Key\":\"C365D8FFBEC80500F96C2300\",\"Value\":3},{\"Key\":\"1E5CD9FF68BC050048BC2200\",\"Value\":1},{\"Key\":\"BD23D8FF49D10500840D2300\",\"Value\":1},{\"Key\":\"F470D9FF6BBB050018CB2200\",\"Value\":1},{\"Key\":\"493AD8FFADD00500F8FB2200\",\"Value\":1},{\"Key\":\"6585D9FFD0BA0500D7B62200\",\"Value\":1},{\"Key\":\"B741D8FF00D4050095DC2200\",\"Value\":1},{\"Key\":\"4854D8FFC7D30500C9C92200\",\"Value\":1},{\"Key\":\"0864D8FFE8D0050092CF2200\",\"Value\":1},{\"Key\":\"3077D8FF5ACE0500B1CE2200\",\"Value\":1},{\"Key\":\"58D1D8FF1DC805002DB32200\",\"Value\":1},{\"Key\":\"35EAD8FF0EC4050075BF2200\",\"Value\":1},{\"Key\":\"81FDD8FF46C2050061B92200\",\"Value\":1},{\"Key\":\"E1FDD8FF9FC105002B182300\",\"Value\":3},{\"Key\":\"3F4BD9FFB8BC0500BBC12200\",\"Value\":3},{\"Key\":\"43CFD9FF2ABA050096BF2200\",\"Value\":3},{\"Key\":\"A5A8D9FF33B90500F6BA2200\",\"Value\":1},{\"Key\":\"CB02DBFF32B4050041C22200\",\"Value\":1},{\"Key\":\"C20EDBFF90B1050035C32200\",\"Value\":1},{\"Key\":\"2613DBFFC5B005005BCE2200\",\"Value\":1},{\"Key\":\"965BD6FFC11E06009F942200\",\"Value\":3},{\"Key\":\"F51CD6FFF4F90500B9512300\",\"Value\":3},{\"Key\":\"D0AAD9FF08BB0500BE032300\",\"Value\":1},{\"Key\":\"5ED0D9FFE0BB050081FA2200\",\"Value\":3},{\"Key\":\"CF22D7FFF3E60500F31C2400\",\"Value\":3},{\"Key\":\"83BED9FF25C6050071972400\",\"Value\":3},{\"Key\":\"C7C6DAFF7FB505009B972200\",\"Value\":1},{\"Key\":\"BBEAD7FFA52D060047152100\",\"Value\":3},{\"Key\":\"06C7DAFFD4B205004B4C2200\",\"Value\":1},{\"Key\":\"6A61D6FF21500600273E2100\",\"Value\":3},{\"Key\":\"3FC0D9FF7DC50500B7332400\",\"Value\":1},{\"Key\":\"B09ED6FF6E560600BE112100\",\"Value\":3},{\"Key\":\"12DCDAFF91B50500B9AE2200\",\"Value\":1},{\"Key\":\"69E3DAFF69B4050003AE2200\",\"Value\":1},{\"Key\":\"68CAD6FF473B0600EE832100\",\"Value\":3},{\"Key\":\"2C49D9FF83BE0500E5972200\",\"Value\":1},{\"Key\":\"C7CED9FF25BB0500B05B2200\",\"Value\":1},{\"Key\":\"95CFD9FF25BB0500B14D2200\",\"Value\":1},{\"Key\":\"B297D9FF72C305002C292200\",\"Value\":1},{\"Key\":\"0C91D9FF3EC30500E2342200\",\"Value\":1},{\"Key\":\"5B95D9FF25C105002F4A2200\",\"Value\":1},{\"Key\":\"AE82D9FF99C20500CD472200\",\"Value\":1},{\"Key\":\"08E3D7FFCFD8050054CE2300\",\"Value\":1},{\"Key\":\"E422D9FF3BBE0500FABB2200\",\"Value\":1},{\"Key\":\"39D1D7FFCBDA0500BDE12300\",\"Value\":1},{\"Key\":\"C0EBD8FFEAC10500BCD42200\",\"Value\":1},{\"Key\":\"49B8D7FFDDDD050019EE2300\",\"Value\":1},{\"Key\":\"6CDFD7FF3DDF05002EC02200\",\"Value\":1},{\"Key\":\"5392D7FF7FE705003EAB2200\",\"Value\":1},{\"Key\":\"38C0D6FF32FE050062092300\",\"Value\":1},{\"Key\":\"75C4D6FF8000060049FC2200\",\"Value\":1},{\"Key\":\"4FADD6FFF70306004AF42200\",\"Value\":1},{\"Key\":\"52C3D6FF150906006EC22200\",\"Value\":1},{\"Key\":\"54D3D6FF1907060062BD2200\",\"Value\":1},{\"Key\":\"A6C1D6FF360C0600CAAD2200\",\"Value\":1},{\"Key\":\"53E9D6FF26040600F5B62200\",\"Value\":1},{\"Key\":\"9DEAD6FFE8040600F4AF2200\",\"Value\":1},{\"Key\":\"01FDD6FFD70106009DAF2200\",\"Value\":1},{\"Key\":\"BAF9D6FF0300060090BE2200\",\"Value\":1},{\"Key\":\"C05AD7FF53E60500BECD2200\",\"Value\":1},{\"Key\":\"DE45D7FFF7EA0500A9CE2200\",\"Value\":1},{\"Key\":\"EE46D7FFDBEF0500D2B82200\",\"Value\":1},{\"Key\":\"EA22D7FFC6F40500D0C92200\",\"Value\":1},{\"Key\":\"3F20D7FFA3F7050084BF2200\",\"Value\":1},{\"Key\":\"ED73D6FF13ED05005E412300\",\"Value\":1},{\"Key\":\"40ACD6FF05720600AE9A2000\",\"Value\":3},{\"Key\":\"7F0FD7FF65FE05003EAF2200\",\"Value\":1},{\"Key\":\"A761D6FF38EC050091452300\",\"Value\":1},{\"Key\":\"59AED6FF771006009EA52200\",\"Value\":1},{\"Key\":\"FE46D7FFB1F8050090922200\",\"Value\":1},{\"Key\":\"B432D7FFE4FB050072962200\",\"Value\":1},{\"Key\":\"CA22D7FF5E000600E58F2200\",\"Value\":1},{\"Key\":\"379BD6FFD20E060081C02200\",\"Value\":1},{\"Key\":\"8887D6FFE814060050AC2200\",\"Value\":1},{\"Key\":\"5487D6FF33110600DFBE2200\",\"Value\":1},{\"Key\":\"1F79D6FF5B140600E7B52200\",\"Value\":1},{\"Key\":\"3B64D6FFF3150600A4B62200\",\"Value\":1},{\"Key\":\"73E6D6FF0B1506001A492200\",\"Value\":1},{\"Key\":\"0F67D6FF4C17060077B02200\",\"Value\":1},{\"Key\":\"E1D5D6FF5F190600773C2200\",\"Value\":1},{\"Key\":\"3F9ED6FF13220600AD302200\",\"Value\":1},{\"Key\":\"921BD6FFAB360600F2092200\",\"Value\":1},{\"Key\":\"F815D6FF4A38060021022200\",\"Value\":1},{\"Key\":\"AF01D6FFA13A0600DBFF2100\",\"Value\":1},{\"Key\":\"64DDD5FFA23C0600DC022200\",\"Value\":1},{\"Key\":\"05D0D5FFE83C0600030A2200\",\"Value\":1},{\"Key\":\"4CC8D5FF633D060055FF2100\",\"Value\":1},{\"Key\":\"83B5D5FF7B3D06004DFB2100\",\"Value\":1},{\"Key\":\"BDA2D5FF7B3D0600FF002200\",\"Value\":1},{\"Key\":\"0B4CD5FFCB430600C4D02100\",\"Value\":1},{\"Key\":\"E221D7FFD70F0600ED312200\",\"Value\":1},{\"Key\":\"3020D7FFDD110600B8262200\",\"Value\":1},{\"Key\":\"749CD6FF28440600686A2100\",\"Value\":1},{\"Key\":\"DC32D7FF3B0C060085382200\",\"Value\":1},{\"Key\":\"53D6D6FFA6260600FCE42100\",\"Value\":1},{\"Key\":\"BAC0D6FF4E2B060048DA2100\",\"Value\":1},{\"Key\":\"DF58D7FF60090600D3232200\",\"Value\":1},{\"Key\":\"0E74D6FF4E34060014D62100\",\"Value\":1},{\"Key\":\"0589D6FF365E0600CB002100\",\"Value\":1},{\"Key\":\"7DDED7FF0017060080772100\",\"Value\":1},{\"Key\":\"B0DFD7FF0A1A060019692100\",\"Value\":1},{\"Key\":\"9793D7FF673506002C302100\",\"Value\":1},{\"Key\":\"A437D7FF730D06009F2A2200\",\"Value\":1},{\"Key\":\"C262D6FF3F660600CEED2000\",\"Value\":1},{\"Key\":\"2676D6FFFF6A06006DDA2000\",\"Value\":1},{\"Key\":\"0576D6FFB6650600A0ED2000\",\"Value\":1},{\"Key\":\"6164D6FF416B0600EAD92000\",\"Value\":3},{\"Key\":\"CA76D6FF457006000EBF2000\",\"Value\":1},{\"Key\":\"3F92D5FF7B3D0600AEF02100\",\"Value\":1},{\"Key\":\"3225D8FFC35A0600002A2000\",\"Value\":3},{\"Key\":\"6B7ED5FF7B3D060029F02100\",\"Value\":1},{\"Key\":\"9EC8D5FFBE3D0600EBAE2100\",\"Value\":1},{\"Key\":\"A76AD5FFAF3D060089EF2100\",\"Value\":1},{\"Key\":\"F5B5D5FF7B3D0600D5A12100\",\"Value\":1},{\"Key\":\"F8A1D5FF7B3D0600209E2100\",\"Value\":1},{\"Key\":\"DA58D5FF773F0600DDE42100\",\"Value\":1},{\"Key\":\"3D8FD5FF843D06009AA02100\",\"Value\":1},{\"Key\":\"0A3CD6FF594C0600F2602100\",\"Value\":1},{\"Key\":\"D24DD6FF984D06004D532100\",\"Value\":1},{\"Key\":\"7218D6FF4B3E06005CD12100\",\"Value\":1},{\"Key\":\"8F57D6FF086106006CFF2000\",\"Value\":1},{\"Key\":\"9E7CD5FF7841060007882100\",\"Value\":1},{\"Key\":\"B66AD5FF814406002F902100\",\"Value\":1},{\"Key\":\"FA76D6FF7D59060007132100\",\"Value\":1},{\"Key\":\"3D7BD6FF495B0600A90C2100\",\"Value\":1},{\"Key\":\"B2DFD4FFDC590600368F2100\",\"Value\":1},{\"Key\":\"C155D5FF314C0600038A2100\",\"Value\":1},{\"Key\":\"1A32D5FFCF49060032D22100\",\"Value\":1},{\"Key\":\"E61BD6FF8B6E0600A0BE2000\",\"Value\":3},{\"Key\":\"BF1DD6FF896506001CEC2000\",\"Value\":1},{\"Key\":\"691FD5FFCF4D0600E8D12100\",\"Value\":1},{\"Key\":\"58D9D5FFB83706005A5E2200\",\"Value\":3},{\"Key\":\"BE17D6FFB3330600E0292200\",\"Value\":1},{\"Key\":\"7207D6FF073506002B302200\",\"Value\":1},{\"Key\":\"C515D6FF6B3206001D3B2200\",\"Value\":1},{\"Key\":\"C10CD5FFAF51060090CA2100\",\"Value\":1},{\"Key\":\"DEF8D4FF8254060019BF2100\",\"Value\":1},{\"Key\":\"45F6D4FFB85506009CB02100\",\"Value\":1},{\"Key\":\"55E8D4FFBD550600D6BD2100\",\"Value\":1},{\"Key\":\"10E4D4FF9C560600F2B42100\",\"Value\":1},{\"Key\":\"6BD4D4FF1958060007AB2100\",\"Value\":1},{\"Key\":\"BBE7D4FF92570600EEA42100\",\"Value\":1},{\"Key\":\"49EBD4FF1F5A060078842100\",\"Value\":1},{\"Key\":\"80D8D4FFBC5906009D972100\",\"Value\":1},{\"Key\":\"37E7D4FF0E5B06008E7E2100\",\"Value\":1},{\"Key\":\"D94DD6FFD7250600EB6E2200\",\"Value\":1},{\"Key\":\"4DBDD4FF755A060086A02100\",\"Value\":1},{\"Key\":\"6AD2D4FF7B5C0600727D2100\",\"Value\":1},{\"Key\":\"64ABD4FF845B0600B6A22100\",\"Value\":1},{\"Key\":\"93F2D5FFD6370600632A2200\",\"Value\":1},{\"Key\":\"8797D5FF7B3D0600B6DA2100\",\"Value\":3},{\"Key\":\"21AAD4FFA75D0600238D2100\",\"Value\":1},{\"Key\":\"1C62D6FFC046060029742100\",\"Value\":1},{\"Key\":\"864ED6FFED4606007E7B2100\",\"Value\":1},{\"Key\":\"5E30D6FFE85306004B382100\",\"Value\":1},{\"Key\":\"FA3DD6FF8C6A06009FD92000\",\"Value\":1},{\"Key\":\"D428D6FF866B060082D02000\",\"Value\":1},{\"Key\":\"719AD4FFA55F060033852100\",\"Value\":1},{\"Key\":\"EA73D6FFFC1A060035972200\",\"Value\":1},{\"Key\":\"0D9AD6FFE42C06001EEB2100\",\"Value\":1},{\"Key\":\"5EAFD6FF93220600DD1E2200\",\"Value\":1},{\"Key\":\"E319D6FF1D300600EA502200\",\"Value\":1},{\"Key\":\"6F3BD6FF682C0600E3462200\",\"Value\":1},{\"Key\":\"CB2BD6FFD62E0600BD432200\",\"Value\":1},{\"Key\":\"38DBD5FFDC3B06002F112200\",\"Value\":1},{\"Key\":\"34CAD5FF7B3D0600C6E52100\",\"Value\":1},{\"Key\":\"9429D6FFCE6206008FF72000\",\"Value\":1},{\"Key\":\"C4D6D6FF5115060035572200\",\"Value\":1},{\"Key\":\"9F08D6FFB0360600091D2200\",\"Value\":1},{\"Key\":\"CE65D6FF96220600A3692200\",\"Value\":1},{\"Key\":\"4DE9D6FFD9100600E4622200\",\"Value\":1},{\"Key\":\"B8FBD6FF520B060070752200\",\"Value\":1},{\"Key\":\"40FED6FFDF090600C97C2200\",\"Value\":1},{\"Key\":\"C6E8D6FF8001060077CA2200\",\"Value\":1},{\"Key\":\"2C0DD7FFF10606007C802200\",\"Value\":1},{\"Key\":\"399AD6FF9A1F060091482200\",\"Value\":1},{\"Key\":\"1B3CD6FF702306002F922200\",\"Value\":1},{\"Key\":\"019CD6FF421706003A882200\",\"Value\":1},{\"Key\":\"A6B0D6FFDB1A06002D572200\",\"Value\":1},{\"Key\":\"A0AED6FF3D180600FE6B2200\",\"Value\":1},{\"Key\":\"1BC2D6FFDE160600FF612200\",\"Value\":1},{\"Key\":\"3EC6D6FF3C1506006C692200\",\"Value\":1},{\"Key\":\"ADD5D6FFB1120600106B2200\",\"Value\":1},{\"Key\":\"BDE9D6FF38690600B0B62000\",\"Value\":3},{\"Key\":\"0EC4D6FFEC1006009B892200\",\"Value\":1},{\"Key\":\"4FC0D6FF8C0F0600A9972200\",\"Value\":1},{\"Key\":\"07D6D6FF110D0600F2902200\",\"Value\":1},{\"Key\":\"564FD6FF6D1406001AC12200\",\"Value\":1},{\"Key\":\"35E4D6FFF90806001D9D2200\",\"Value\":1},{\"Key\":\"4553D6FF390D060086D62200\",\"Value\":1},{\"Key\":\"9752D6FF650B06002CDC2200\",\"Value\":1},{\"Key\":\"744FD6FFB203060048F12200\",\"Value\":1},{\"Key\":\"3F77D6FF58000600D7FB2200\",\"Value\":1},{\"Key\":\"B778D6FF67F805006F152300\",\"Value\":1},{\"Key\":\"4B9BD6FF18FE0500F20C2300\",\"Value\":1},{\"Key\":\"C8EAD6FF23F9050080022300\",\"Value\":1},{\"Key\":\"C70CD7FF3FF20500F2F62200\",\"Value\":1},{\"Key\":\"BC18D7FF19EB050065102300\",\"Value\":1},{\"Key\":\"6046D7FFE1E505009AE52200\",\"Value\":1},{\"Key\":\"9246D7FF8CE30500AEF22200\",\"Value\":1},{\"Key\":\"2949D7FF93E0050003032300\",\"Value\":1},{\"Key\":\"7559D7FFBBDF050016F32200\",\"Value\":1},{\"Key\":\"E15ED7FF42E00500AFE92200\",\"Value\":1},{\"Key\":\"C218D8FF26EC050049202200\",\"Value\":1},{\"Key\":\"D52FD8FFB8E60500A82A2200\",\"Value\":1},{\"Key\":\"E03DD8FFB6E20500AC362200\",\"Value\":1},{\"Key\":\"9FF1D7FF1BF90500B8FC2100\",\"Value\":1},{\"Key\":\"1066D8FF15DB05000D4F2200\",\"Value\":1},{\"Key\":\"4065D8FF30DD0500FD3A2200\",\"Value\":1},{\"Key\":\"3BE0D7FFC4070600EBBF2100\",\"Value\":1},{\"Key\":\"33D0D7FF77120600C7972100\",\"Value\":1},{\"Key\":\"ED49D9FF61BD050039E62200\",\"Value\":1},{\"Key\":\"2AE6DAFFABB2050003B22200\",\"Value\":1},{\"Key\":\"2B0FD7FF314B0600411E2100\",\"Value\":1},{\"Key\":\"C720D7FFCF490600A61C2100\",\"Value\":1},{\"Key\":\"C522D7FF994D06008B0B2100\",\"Value\":1},{\"Key\":\"7B33D7FFF43E06002B422100\",\"Value\":1},{\"Key\":\"8E23D7FF6C44060028322100\",\"Value\":1},{\"Key\":\"8A0CD7FFB95506007CF22000\",\"Value\":1},{\"Key\":\"B313D7FF0071060002742000\",\"Value\":1},{\"Key\":\"A01FD7FF4372060098462000\",\"Value\":1},{\"Key\":\"A81FD7FF3572060048592000\",\"Value\":1},{\"Key\":\"CE21D7FF8F71060003682000\",\"Value\":1},{\"Key\":\"7420D7FF546F0600DA7C2000\",\"Value\":1},{\"Key\":\"BC70D9FF4CBC0500EBAD2200\",\"Value\":1},{\"Key\":\"5ECDD7FF8A1406002F902100\",\"Value\":1},{\"Key\":\"76CDD7FFBE180600337D2100\",\"Value\":1},{\"Key\":\"A8BBD7FFDD1B06002F7E2100\",\"Value\":1},{\"Key\":\"FB34D7FFB42106006ABF2100\",\"Value\":1},{\"Key\":\"E6F9D7FF0CE80500B6652200\",\"Value\":1},{\"Key\":\"FFF3D7FF7BE60500157E2200\",\"Value\":1},{\"Key\":\"5046D7FF38270600BD9B2100\",\"Value\":1},{\"Key\":\"78FAD7FF67EA050000512200\",\"Value\":1},{\"Key\":\"E1E3D7FF70EB0500AF642200\",\"Value\":1},{\"Key\":\"0494D7FFCE2B0600D5562100\",\"Value\":1},{\"Key\":\"C582D7FF522E060038582100\",\"Value\":1},{\"Key\":\"0ECDD7FF581D0600AF692100\",\"Value\":1},{\"Key\":\"CB6CD7FF30340600C04E2100\",\"Value\":1},{\"Key\":\"B532D7FF41370600E2642100\",\"Value\":1},{\"Key\":\"E8FED6FF6D36060087842100\",\"Value\":1},{\"Key\":\"FD6BD7FF893C0600982C2100\",\"Value\":1},{\"Key\":\"84FBD6FF8A3A06004A732100\",\"Value\":1},{\"Key\":\"3792D7FFAF3B0600AB172100\",\"Value\":1},{\"Key\":\"F923D7FFBD3E06009F4B2100\",\"Value\":1},{\"Key\":\"3F94D7FFCD080600CEF82100\",\"Value\":1},{\"Key\":\"0859D7FF1844060053172100\",\"Value\":1},{\"Key\":\"0F0ED7FFF7440600A43A2100\",\"Value\":1},{\"Key\":\"9E4AD7FF5747060032122100\",\"Value\":1},{\"Key\":\"F133D7FF63490600DB142100\",\"Value\":1},{\"Key\":\"D481D7FF4309060060032200\",\"Value\":1},{\"Key\":\"116DD7FFAE0C060094012200\",\"Value\":1},{\"Key\":\"EB6DD7FFE0110600E2E52100\",\"Value\":1},{\"Key\":\"1C6CD7FFCB1406001CD92100\",\"Value\":1},{\"Key\":\"0736D7FF0050060093F82000\",\"Value\":1},{\"Key\":\"F77FD7FF4E260600B37B2100\",\"Value\":1},{\"Key\":\"8320D7FFCC570600F8E22000\",\"Value\":1},{\"Key\":\"A26CD7FF182E060025682100\",\"Value\":1},{\"Key\":\"3733D7FFF35E060004BC2000\",\"Value\":1},{\"Key\":\"274AD7FF8E300600C7712100\",\"Value\":1},{\"Key\":\"D568D6FF82560600AC1F2100\",\"Value\":1},{\"Key\":\"175AD7FF0D370600204E2100\",\"Value\":1},{\"Key\":\"850ED7FF7A7006004B7B2000\",\"Value\":1},{\"Key\":\"60C2D6FF9771060046982000\",\"Value\":1},{\"Key\":\"C6E1D6FF487106003FDD1E00\",\"Value\":1},{\"Key\":\"E5C0D6FF437206002A832000\",\"Value\":1},{\"Key\":\"4589D6FF127106003AB42000\",\"Value\":1},{\"Key\":\"1580D7FFF6480600FCEE2000\",\"Value\":1},{\"Key\":\"E60CD7FF43720600C5572000\",\"Value\":1},{\"Key\":\"9E06D7FF43720600E5562000\",\"Value\":1},{\"Key\":\"B6C2D6FF4372060068722000\",\"Value\":1},{\"Key\":\"C2A0D6FF437206004A8C2000\",\"Value\":1},{\"Key\":\"E80CD7FF43720600AA442000\",\"Value\":1},{\"Key\":\"035CD7FF8B59060036BF2000\",\"Value\":1},{\"Key\":\"026CD7FF3959060088B82000\",\"Value\":1},{\"Key\":\"5A83D7FF7E570600F8B22000\",\"Value\":1},{\"Key\":\"FE20D7FF43720600CC112000\",\"Value\":1},{\"Key\":\"990FD7FF4372060069132000\",\"Value\":1},{\"Key\":\"C4B7D6FF43720600B2392000\",\"Value\":1},{\"Key\":\"9F75D6FF43720600A08E2000\",\"Value\":1},{\"Key\":\"7876D6FF4372060090852000\",\"Value\":1},{\"Key\":\"D060D6FF2F720600C7A52000\",\"Value\":1},{\"Key\":\"4462D6FF437206006E842000\",\"Value\":1},{\"Key\":\"D50CD7FF4372060091FC1F00\",\"Value\":1},{\"Key\":\"7EF8D6FFF8720600936E1F00\",\"Value\":1},{\"Key\":\"A811D7FF4372060030EE1F00\",\"Value\":1},{\"Key\":\"56B9D7FFED5B06007A7C2000\",\"Value\":1},{\"Key\":\"50D0D7FFF95C06006A662000\",\"Value\":1},{\"Key\":\"0213D7FF437206007ACD1F00\",\"Value\":1},{\"Key\":\"0215D7FF4372060018C81F00\",\"Value\":1},{\"Key\":\"0C20D7FF43720600EBBE1F00\",\"Value\":1},{\"Key\":\"D90FD7FF4372060028B41F00\",\"Value\":1},{\"Key\":\"2222D7FF43720600099E1F00\",\"Value\":1},{\"Key\":\"370DD7FF43720600269E1F00\",\"Value\":1},{\"Key\":\"5D10D7FF43720600DE811F00\",\"Value\":1},{\"Key\":\"FBCCD6FF437206002C041F00\",\"Value\":1},{\"Key\":\"D56AD7FF9C670600DE762000\",\"Value\":3},{\"Key\":\"7A0ED7FFEF720600C9611F00\",\"Value\":1},{\"Key\":\"27FDD6FF43720600E1411F00\",\"Value\":1},{\"Key\":\"DA3BD6FFF27106005FA22000\",\"Value\":1},{\"Key\":\"012BD6FF43720600247A2000\",\"Value\":1},{\"Key\":\"E628D6FF437206001C8F2000\",\"Value\":1},{\"Key\":\"3D1BD6FF4372060017872000\",\"Value\":1},{\"Key\":\"A802D6FF437206002A842000\",\"Value\":1},{\"Key\":\"80E3D6FF43720600BD502000\",\"Value\":3},{\"Key\":\"DF7CD7FF5C6B060027592000\",\"Value\":3},{\"Key\":\"EDF9D6FF4372060056362000\",\"Value\":1},{\"Key\":\"90CBD7FF3B6C0600030C2000\",\"Value\":1},{\"Key\":\"E2E4D7FF3D6E060048E21F00\",\"Value\":1},{\"Key\":\"460ED8FF3C660600C7F31F00\",\"Value\":1},{\"Key\":\"46FAD7FF236C0600B4D91F00\",\"Value\":1},{\"Key\":\"B3F4D7FF0968060065002000\",\"Value\":1},{\"Key\":\"16D4D6FF43720600D6692000\",\"Value\":1},{\"Key\":\"2D81D7FFBF5D06003F982000\",\"Value\":1},{\"Key\":\"51ADD6FF43720600B16E2000\",\"Value\":1},{\"Key\":\"55B0D6FF437206004B7A2000\",\"Value\":1},{\"Key\":\"23A0D6FF4372060042792000\",\"Value\":1},{\"Key\":\"E3EAD5FFEC400600F4792100\",\"Value\":3},{\"Key\":\"A4A5D7FF1B260600B8622100\",\"Value\":1},{\"Key\":\"58DED5FFA53E060045C12100\",\"Value\":3},{\"Key\":\"818AD8FF9AE00500C2FB2100\",\"Value\":1},{\"Key\":\"D5B1D8FF4FE5050049C02100\",\"Value\":1},{\"Key\":\"2FEAD8FF3CDC050068DA2100\",\"Value\":1},{\"Key\":\"08FDD8FFB3DA0500C9D92100\",\"Value\":1},{\"Key\":\"6DB0D8FF60DA0500F30F2200\",\"Value\":1},{\"Key\":\"2D7CD9FF92C605001E1E2200\",\"Value\":1},{\"Key\":\"90E3D9FF25BB0500E24E2200\",\"Value\":1},{\"Key\":\"5B29D6FF4E37060021F92100\",\"Value\":3},{\"Key\":\"EA2BD6FFFC3706002CF12100\",\"Value\":3},{\"Key\":\"64A9D5FF273A06004CAC2200\",\"Value\":3},{\"Key\":\"7CA1D5FF0632060082EC2200\",\"Value\":3},{\"Key\":\"D99BD5FFDA2F0600D32A2300\",\"Value\":3},{\"Key\":\"E697D5FF5D2F060028532300\",\"Value\":3},{\"Key\":\"8E71D9FF91C40500463C2200\",\"Value\":1},{\"Key\":\"BA25D8FFF4E50500E13B2200\",\"Value\":1},{\"Key\":\"C317D8FF74E605002F492200\",\"Value\":1},{\"Key\":\"5908D8FF9AEA0500363D2200\",\"Value\":1},{\"Key\":\"D0CDD7FFCDED0500046B2200\",\"Value\":1},{\"Key\":\"10A4D7FFBAEE05000F862200\",\"Value\":1},{\"Key\":\"7089D6FF1602060034FB2200\",\"Value\":1},{\"Key\":\"D387D6FFD5FE05009B052300\",\"Value\":1},{\"Key\":\"5A82D9FF8ABB05009BAA2200\",\"Value\":1},{\"Key\":\"802ED8FF94D60500DFD52200\",\"Value\":1},{\"Key\":\"2A51D6FFADF605000C162300\",\"Value\":1},{\"Key\":\"E950D6FF03F90500D10E2300\",\"Value\":1},{\"Key\":\"061AD9FF61CD0500A5332200\",\"Value\":1},{\"Key\":\"14DFD7FF7EE8050046862200\",\"Value\":1},{\"Key\":\"782BD8FFE4530600394C2000\",\"Value\":3},{\"Key\":\"1963D5FF463106001A492300\",\"Value\":3},{\"Key\":\"2958D5FF4631060053AD2300\",\"Value\":3},{\"Key\":\"066DD7FF43720600DF132000\",\"Value\":3},{\"Key\":\"FEE4D5FF9F2806000D102400\",\"Value\":3},{\"Key\":\"891FD6FF1D280600F4562400\",\"Value\":3},{\"Key\":\"9DE4D6FF5FFA050083732400\",\"Value\":3},{\"Key\":\"619ED8FF46DA050038202200\",\"Value\":1},{\"Key\":\"3EAAD9FFBEC0050064322200\",\"Value\":1},{\"Key\":\"64ABD7FFD665060014532000\",\"Value\":1},{\"Key\":\"BE4DD6FF4B5906007B192100\",\"Value\":1},{\"Key\":\"A0E6D6FF43720600CA261F00\",\"Value\":1},{\"Key\":\"B4BDD6FF4372060042142000\",\"Value\":1},{\"Key\":\"E9ADD6FF43720600861D2000\",\"Value\":1},{\"Key\":\"28BCD6FF437206000ED31F00\",\"Value\":1},{\"Key\":\"1E9AD6FF4372060096FB1F00\",\"Value\":1},{\"Key\":\"13D8D6FF4372060016EE1F00\",\"Value\":1},{\"Key\":\"F5DFD6FF437206005F062000\",\"Value\":3},{\"Key\":\"EAD7D6FF437206001D012000\",\"Value\":1},{\"Key\":\"FBE7D6FF4372060019122000\",\"Value\":1},{\"Key\":\"51C0D6FF43720600D2FB1F00\",\"Value\":1},{\"Key\":\"BBB4D6FF43720600A8F31F00\",\"Value\":1},{\"Key\":\"A8A1D6FF4372060090142000\",\"Value\":1},{\"Key\":\"158BD6FF43720600FF132000\",\"Value\":1},{\"Key\":\"1FC1D6FF43720600EFEA1F00\",\"Value\":1},{\"Key\":\"15C5D6FF0B6A060088AF1E00\",\"Value\":1},{\"Key\":\"4F53D6FF43720600D7062000\",\"Value\":1},{\"Key\":\"6B01D6FF43720600669A1F00\",\"Value\":1},{\"Key\":\"E15CD6FF43720600A6B81F00\",\"Value\":3},{\"Key\":\"6020D5FF996E0600F46F2000\",\"Value\":1},{\"Key\":\"23B5D5FF4372060047812000\",\"Value\":1},{\"Key\":\"EDB6D5FF1D7206007B8E2000\",\"Value\":1},{\"Key\":\"56E5D4FFF76C06001F502000\",\"Value\":1},{\"Key\":\"1A52D6FF43720600888E1F00\",\"Value\":1},{\"Key\":\"214ED6FF43720600C6981F00\",\"Value\":1},{\"Key\":\"2829D6FF43720600745D1F00\",\"Value\":1},{\"Key\":\"0CA2D6FF43720600AE3A2000\",\"Value\":1},{\"Key\":\"96AED6FF43720600A3422000\",\"Value\":1},{\"Key\":\"8987D6FF4372060097362000\",\"Value\":1},{\"Key\":\"689BD6FF43720600094B2000\",\"Value\":1},{\"Key\":\"6194D6FF4372060067492000\",\"Value\":1},{\"Key\":\"3E68D8FF10300600E4BA2000\",\"Value\":1},{\"Key\":\"717CD6FF4372060026402000\",\"Value\":1},{\"Key\":\"189AD6FF4372060021592000\",\"Value\":1},{\"Key\":\"028BD6FF43720600AB532000\",\"Value\":1},{\"Key\":\"5E7CD6FF43720600C0602000\",\"Value\":1},{\"Key\":\"619ED6FF43720600A1662000\",\"Value\":1},{\"Key\":\"46C8D6FF43720600F72C2000\",\"Value\":1},{\"Key\":\"23D5D6FF437206009ABC1F00\",\"Value\":1},{\"Key\":\"35C9D6FF43720600C9A11F00\",\"Value\":1},{\"Key\":\"4AB5D6FF437206003C811F00\",\"Value\":1},{\"Key\":\"1DB0D6FF43720600B37A1F00\",\"Value\":1},{\"Key\":\"A3C4D6FF43720600846E1F00\",\"Value\":1},{\"Key\":\"A6ADD6FF43720600415F1F00\",\"Value\":1},{\"Key\":\"71A3D6FF43720600695B1F00\",\"Value\":1},{\"Key\":\"8089D6FF4372060049231F00\",\"Value\":1},{\"Key\":\"1389D6FF7670060051E11E00\",\"Value\":1},{\"Key\":\"A8A7D6FFBD7006003FDE1E00\",\"Value\":1},{\"Key\":\"008ED6FFFA6D0600D9CB1E00\",\"Value\":1},{\"Key\":\"EBA2D6FF526A0600CCB51E00\",\"Value\":1},{\"Key\":\"D78BD6FFEE5F060030861E00\",\"Value\":1},{\"Key\":\"508FD6FFAD5D0600EF761E00\",\"Value\":1},{\"Key\":\"1F9BD6FF85610600458C1E00\",\"Value\":1},{\"Key\":\"36C0D6FF6E670600D2A21E00\",\"Value\":1},{\"Key\":\"11DED6FF026B06005FB01E00\",\"Value\":1},{\"Key\":\"829BD6FF295E0600A4781E00\",\"Value\":1},{\"Key\":\"265BD7FF6062060060982000\",\"Value\":1},{\"Key\":\"7E4AD7FF605E0600D3B22000\",\"Value\":1},{\"Key\":\"92FAD6FFC7700600EC832000\",\"Value\":1},{\"Key\":\"CE6FD7FFB75F060073992000\",\"Value\":1},{\"Key\":\"BE6DD7FF0D5E0600A9A12000\",\"Value\":1},{\"Key\":\"6F7FD7FF5B5B0600FEA32000\",\"Value\":1},{\"Key\":\"93BBD8FF1CFB0500414F2100\",\"Value\":1},{\"Key\":\"21D1D8FF76FE0500FB302100\",\"Value\":1},{\"Key\":\"EA4DD4FF904C060015341C00\",\"Value\":3},{\"Key\":\"B139D4FF904C060081261C00\",\"Value\":3},{\"Key\":\"F038D4FF904C0600003C1C00\",\"Value\":3},{\"Key\":\"F71ED4FF904C0600DB311C00\",\"Value\":3},{\"Key\":\"F32BD4FF904C0600F04E1C00\",\"Value\":3},{\"Key\":\"6539D8FFD35F0600CEF11F00\",\"Value\":1},{\"Key\":\"9240D8FF6E62060054D51F00\",\"Value\":3},{\"Key\":\"7FF8D9FFD8BA050012572200\",\"Value\":1},{\"Key\":\"F73BD9FFE916060070702000\",\"Value\":3},{\"Key\":\"D43AD9FF141B0600005F2000\",\"Value\":3},{\"Key\":\"F14DD9FF06040600F5AC2000\",\"Value\":3}],\"SerializedName\":\"WorldObjectLocatorManager\",\"UniqueFile\":true}"}}